entity,old_id,new_id,match
rural,10000001000001,1000000100020001,source-path
rural,10000001000002,1000000100020002,source-path
rural,10000001000003,1000000100020003,source-path
rural,10000001000005,1000000100020005,source-path
rural,10000001000006,1000000100020006,source-path
rural,10000001000008,1000000100020008,source-path
rural,10000001000010,1000000100020010,source-path
rural,10000001000001,1000000100030001,source-path
rural,10000001000002,1000000100030002,source-path
rural,10000001000001,1000000100040001,source-path
rural,10000001000002,1000000100040002,source-path
rural,10000002000001,1000000200010001,source-path
rural,10000002000002,1000000200010002,source-path
rural,10000002000003,1000000200010003,source-path
rural,10000003000001,1000000300020001,source-path
rural,10000003000002,1000000300020002,source-path
rural,10000003000003,1000000300020003,source-path
rural,10000003000004,1000000300020004,source-path
rural,10000004000001,1000000400010001,source-path
rural,10000004000003,1000000400010003,source-path
rural,10000004000005,1000000400010005,source-path
rural,10000004000006,1000000400010006,source-path
rural,10000004000007,1000000400010007,source-path
rural,10000004000001,1000000400020001,source-path
rural,10000004000002,1000000400020002,source-path
rural,10000005000001,1000000500010001,source-path
rural,10000005000002,1000000500010002,source-path
rural,10000005000003,1000000500010003,source-path
rural,10000005000004,1000000500010004,source-path
rural,10000006000001,1000000600030001,source-path
rural,10000006000002,1000000600030002,source-path
rural,10000006000003,1000000600030003,source-path
rural,10000006000004,1000000600030004,source-path
rural,10000006000001,1000000600040001,source-path
rural,10000006000002,1000000600040002,source-path
rural,10000006000003,1000000600040003,source-path
rural,10000007000001,1000000700010001,source-path
rural,10000007000007,1000000700010007,source-path
rural,10000007000001,1000000700020001,source-path
rural,10000007000002,1000000700020002,source-path
rural,10000007000001,1000000700030001,source-path
rural,10000007000002,1000000700030002,source-path
rural,10000007000003,1000000700030003,source-path
rural,10000007000001,1000000700040001,source-path
rural,10000007000002,1000000700040002,source-path
rural,10000007000001,1000000700050001,source-path
rural,10000007000002,1000000700050002,source-path
rural,10000009000001,1000000900010001,source-path
rural,10000009000002,1000000900010002,source-path
rural,10000010000001,1000001000010001,source-path
rural,10000010000002,1000001000010002,source-path
rural,10000010000003,1000001000010003,source-path
rural,10000010000002,1000001000020002,source-path
rural,10000010000003,1000001000020003,source-path
rural,10000010000001,1000001000030001,source-path
rural,10000010000002,1000001000030002,source-path
rural,10000011000001,1000001100010001,source-path
rural,10000011000004,1000001100010004,source-path
rural,10000011000001,1000001100020001,source-path
rural,10000011000002,1000001100020002,source-path
rural,10000012000001,1000001200010001,source-path
rural,10000012000002,1000001200010002,source-path
rural,10000012000003,1000001200010003,source-path
rural,10000012000001,1000001200020001,source-path
rural,10000012000002,1000001200020002,source-path
rural,10000013000001,1000001300010001,source-path
rural,10000013000002,1000001300010002,source-path
rural,10000013000001,1000001300020001,source-path
rural,10000013000002,1000001300020002,source-path
rural,10100001000001,1010000100010001,source-path
rural,10100001000003,1010000100010003,source-path
rural,10100001000001,1010000100020001,source-path
rural,10100001000002,1010000100020002,source-path
rural,10100002000001,1010000200010001,source-path
rural,10100002000002,1010000200010002,source-path
rural,10100002000001,1010000200020001,source-path
rural,10100002000002,1010000200020002,source-path
rural,10100002000003,1010000200020003,source-path
rural,10100002000004,1010000200020004,source-path
rural,10100003000001,1010000300010001,source-path
rural,10100003000002,1010000300010002,source-path
rural,10100004000003,1010000400030003,source-path
rural,10100004000004,1010000400030004,source-path
rural,10100004000002,1010000400040002,source-path
rural,10100004000003,1010000400040003,source-path
rural,10100004000001,1010000400050001,source-path
rural,10100004000002,1010000400050002,source-path
rural,10100004000003,1010000400050003,source-path
rural,10100004000001,1010000400060001,source-path
rural,10100004000002,1010000400060002,source-path
rural,10100004000001,1010000400070001,source-path
rural,10100004000002,1010000400070002,source-path
rural,10100005000001,1010000500020001,source-path
rural,10100005000002,1010000500020002,source-path
rural,10100005000003,1010000500020003,source-path
rural,10100005000001,1010000500030001,source-path
rural,10100005000002,1010000500030002,source-path
rural,10100005000003,1010000500030003,source-path
rural,10100005000001,1010000500040001,source-path
rural,10100005000002,1010000500040002,source-path
rural,10100005000003,1010000500040003,source-path
rural,10100005000001,1010000500050001,source-path
rural,10100005000002,1010000500050002,source-path
rural,10100005000003,1010000500050003,source-path
rural,10100005000004,1010000500050004,source-path
rural,10100005000001,1010000500060001,source-path
rural,10100005000002,1010000500060002,source-path
rural,10100006000001,1010000600010001,source-path
rural,10100006000002,1010000600010002,source-path
rural,10100006000003,1010000600010003,source-path
rural,10100006000001,1010000600020001,source-path
rural,10100006000003,1010000600020003,source-path
rural,10100006000001,1010000600030001,source-path
rural,10100006000002,1010000600030002,source-path
rural,10100006000003,1010000600030003,source-path
rural,10100006000001,1010000600040001,source-path
rural,10100006000002,1010000600040002,source-path
rural,10100006000001,1010000600050001,source-path
rural,10100006000002,1010000600050002,source-path
rural,10100007000001,1010000700020001,source-path
rural,10100007000002,1010000700020002,source-path
rural,10100007000003,1010000700020003,source-path
rural,10100007000004,1010000700020004,source-path
rural,10100007000002,1010000700030002,source-path
rural,10100007000003,1010000700030003,source-path
rural,10100007000001,1010000700040001,source-path
rural,10100007000002,1010000700040002,source-path
rural,10100007000001,1010000700050001,source-path
rural,10100007000002,1010000700050002,source-path
rural,10100008000001,1010000800010001,source-path
rural,10100008000002,1010000800010002,source-path
rural,10100008000003,1010000800020003,source-path
rural,10100008000004,1010000800020004,source-path
rural,10100008000001,1010000800030001,source-path
rural,10100008000002,1010000800030002,source-path
rural,10100008000001,1010000800040001,source-path
rural,10100008000002,1010000800040002,source-path
rural,10100008000001,1010000800050001,source-path
rural,10100008000002,1010000800050002,source-path
rural,10100009000002,1010000900020002,source-path
rural,10100009000004,1010000900020004,source-path
rural,10100009000005,1010000900020005,source-path
rural,10100009000006,1010000900020006,source-path
rural,10100009000001,1010000900030001,source-path
rural,10100009000002,1010000900030002,source-path
rural,10100010000001,1010001000010001,source-path
rural,10100010000003,1010001000010003,source-path
rural,10100010000004,1010001000010004,source-path
rural,10100010000001,1010001000020001,source-path
rural,10100010000002,1010001000020002,source-path
rural,10100010000001,1010001000030001,source-path
rural,10100010000002,1010001000030002,source-path
rural,10100011000001,1010001100020001,source-path
rural,10100011000002,1010001100020002,source-path
rural,10100011000005,1010001100020005,source-path
rural,10100011000006,1010001100020006,source-path
rural,10100011000007,1010001100020007,source-path
rural,10100011000001,1010001100040001,source-path
rural,10100011000002,1010001100040002,source-path
rural,10100012000001,1010001200010001,source-path
rural,10100012000002,1010001200010002,source-path
rural,10100012000001,1010001200020001,source-path
rural,10100012000002,1010001200020002,source-path
rural,10100013000001,1010001300010001,source-path
rural,10100013000002,1010001300010002,source-path
rural,10100013000003,1010001300010003,source-path
rural,10100013000001,1010001300020001,source-path
rural,10100013000002,1010001300020002,source-path
rural,10100014000001,1010001400010001,source-path
rural,10100014000002,1010001400010002,source-path
rural,10100014000001,1010001400020001,source-path
rural,10100014000002,1010001400020002,source-path
rural,10100015000001,1010001500010001,source-path
rural,10100015000002,1010001500010002,source-path
rural,10100015000001,1010001500020001,source-path
rural,10100015000002,1010001500020002,source-path
rural,10100015000003,1010001500020003,source-path
rural,10100016000001,1010001600010001,source-path
rural,10100016000002,1010001600010002,source-path
rural,10100016000001,1010001600020001,source-path
rural,10100016000002,1010001600020002,source-path
rural,10100017000001,1010001700010001,source-path
rural,10100017000002,1010001700010002,source-path
rural,10100017000001,1010001700020001,source-path
rural,10100017000002,1010001700020002,source-path
rural,10200001000001,1020000100010001,source-path
rural,10200001000002,1020000100010002,source-path
rural,10200001000002,1020000100020002,source-path
rural,10200001000006,1020000100020006,source-path
rural,10200001000007,1020000100020007,source-path
rural,10200001000001,1020000100030001,source-path
rural,10200001000003,1020000100030003,source-path
rural,10200001000001,1020000100040001,source-path
rural,10200001000002,1020000100040002,source-path
rural,10200001000001,1020000100050001,source-path
rural,10200001000002,1020000100050002,source-path
rural,10200002000001,1020000200010001,source-path
rural,10200002000004,1020000200010004,source-path
rural,10200002000002,1020000200020002,source-path
rural,10200002000004,1020000200020004,source-path
rural,10200002000005,1020000200020005,source-path
rural,10200002000001,1020000200030001,source-path
rural,10200002000002,1020000200030002,source-path
rural,10200002000001,1020000200040001,source-path
rural,10200002000002,1020000200040002,source-path
rural,10200002000001,1020000200050001,source-path
rural,10200002000002,1020000200050002,source-path
rural,10200002000001,1020000200060001,source-path
rural,10200002000002,1020000200060002,source-path
rural,10200004000001,1020000400020001,source-path
rural,10200004000002,1020000400020002,source-path
rural,10200004000003,1020000400020003,source-path
rural,10200004000002,1020000400040002,source-path
rural,10200004000003,1020000400040003,source-path
rural,10200005000001,1020000500020001,source-path
rural,10200005000002,1020000500020002,source-path
rural,10200005000001,1020000500030001,source-path
rural,10200005000002,1020000500030002,source-path
rural,10200005000001,1020000500040001,source-path
rural,10200005000004,1020000500040004,source-path
rural,10200005000001,1020000500050001,source-path
rural,10200005000002,1020000500050002,source-path
rural,10200005000003,1020000500050003,source-path
rural,10200006000003,1020000600010003,source-path
rural,10200006000004,1020000600010004,source-path
rural,10200006000001,1020000600020001,source-path
rural,10200006000002,1020000600020002,source-path
rural,10200007000001,1020000700010001,source-path
rural,10200007000002,1020000700010002,source-path
rural,10200007000003,1020000700010003,source-path
rural,10200007000001,1020000700020001,source-path
rural,10200007000002,1020000700020002,source-path
rural,10200007000001,1020000700030001,source-path
rural,10200007000003,1020000700030003,source-path
rural,10200007000005,1020000700030005,source-path
rural,10200007000006,1020000700030006,source-path
rural,10200007000001,1020000700050001,source-path
rural,10200007000002,1020000700050002,source-path
rural,10200007000002,1020000700060002,source-path
rural,10200007000003,1020000700060003,source-path
rural,10200007000001,1020000700070001,source-path
rural,10200007000002,1020000700070002,source-path
rural,10200008000001,1020000800020001,source-path
rural,10200008000003,1020000800020003,source-path
rural,10200008000001,1020000800030001,source-path
rural,10200008000002,1020000800030002,source-path
rural,10200010000001,1020001000020001,source-path
rural,10200010000002,1020001000020002,source-path
rural,10200010000004,1020001000020004,source-path
rural,10200010000005,1020001000020005,source-path
rural,10200010000006,1020001000020006,source-path
rural,10200014000001,1020001400010001,source-path
rural,10200014000002,1020001400010002,source-path
rural,10200014000003,1020001400010003,source-path
rural,10200014000001,1020001400020001,source-path
rural,10200014000002,1020001400020002,source-path
rural,10200014000003,1020001400020003,source-path
rural,10200014000001,1020001400030001,source-path
rural,10200014000002,1020001400030002,source-path
rural,10200014000003,1020001400030003,source-path
rural,10200015000001,1020001500020001,source-path
rural,10200015000002,1020001500020002,source-path
rural,10200015000003,1020001500020003,source-path
rural,10200015000001,1020001500040001,source-path
rural,10200015000002,1020001500040002,source-path
rural,10200015000003,1020001500040003,source-path
rural,10200016000001,1020001600020001,source-path
rural,10200016000002,1020001600020002,source-path
rural,10200016000001,1020001600030001,source-path
rural,10200016000002,1020001600030002,source-path
rural,10200016000001,1020001600040001,source-path
rural,10200016000002,1020001600040002,source-path
rural,10200018000001,1020001800010001,source-path
rural,10200018000002,1020001800010002,source-path
rural,10200018000001,1020001800020001,source-path
rural,10200018000002,1020001800020002,source-path
rural,10200018000003,1020001800020003,source-path
rural,10200019000001,1020001900010001,source-path
rural,10200019000002,1020001900010002,source-path
rural,10200019000003,1020001900010003,source-path
rural,10200019000001,1020001900020001,source-path
rural,10200019000002,1020001900020002,source-path
rural,10200020000001,1020002000020001,source-path
rural,10200020000002,1020002000020002,source-path
rural,10200020000001,1020002000030001,source-path
rural,10200020000002,1020002000030002,source-path
rural,10200021000001,1020002100010001,source-path
rural,10200021000003,1020002100010003,source-path
rural,10200021000001,1020002100020001,source-path
rural,10200021000002,1020002100020002,source-path
rural,10200021000001,1020002100030001,source-path
rural,10200021000002,1020002100030002,source-path
rural,10200022000001,1020002200010001,source-path
rural,10200022000002,1020002200010002,source-path
rural,10200022000001,1020002200020001,source-path
rural,10200022000002,1020002200020002,source-path
rural,10200023000001,1020002300010001,source-path
rural,10200023000002,1020002300010002,source-path
rural,10200023000001,1020002300020001,source-path
rural,10200023000002,1020002300020002,source-path
rural,10200024000001,1020002400010001,source-path
rural,10200024000002,1020002400010002,source-path
rural,10200024000002,1020002400020002,source-path
rural,10200024000001,1020002400030001,source-path
rural,10200024000002,1020002400030002,source-path
rural,10200025000001,1020002500010001,source-path
rural,10200025000002,1020002500010002,source-path
rural,10200025000003,1020002500010003,source-path
rural,10200025000001,1020002500020001,source-path
rural,10200025000002,1020002500020002,source-path
rural,10200026000001,1020002600010001,source-path
rural,10200026000002,1020002600010002,source-path
rural,10200026000001,1020002600020001,source-path
rural,10200026000002,1020002600020002,source-path
rural,10200027000001,1020002700010001,source-path
rural,10200027000002,1020002700010002,source-path
rural,10200027000001,1020002700020001,source-path
rural,10200027000002,1020002700020002,source-path
rural,10200028000001,1020002800010001,source-path
rural,10200028000002,1020002800010002,source-path
rural,10300002000001,1030000200020001,source-path
rural,10300002000002,1030000200020002,source-path
rural,10300002000003,1030000200020003,source-path
rural,10300002000005,1030000200020005,source-path
rural,10300002000006,1030000200020006,source-path
rural,10300002000001,1030000200050001,source-path
rural,10300002000002,1030000200050002,source-path
rural,10300003000001,1030000300030001,source-path
rural,10300003000002,1030000300030002,source-path
rural,10300003000006,1030000300030006,source-path
rural,10300003000001,1030000300040001,source-path
rural,10300003000002,1030000300040002,source-path
rural,10300003000001,1030000300050001,source-path
rural,10300003000002,1030000300050002,source-path
rural,10300005000001,1030000500010001,source-path
rural,10300005000002,1030000500010002,source-path
rural,10300005000003,1030000500010003,source-path
rural,10300005000004,1030000500010004,source-path
rural,10300005000005,1030000500010005,source-path
rural,10300005000006,1030000500010006,source-path
rural,10300005000001,1030000500020001,source-path
rural,10300005000002,1030000500020002,source-path
rural,10300005000003,1030000500020003,source-path
rural,10300006000003,1030000600020003,source-path
rural,10300006000004,1030000600020004,source-path
rural,10300006000005,1030000600020005,source-path
rural,10300006000001,1030000600030001,source-path
rural,10300006000002,1030000600030002,source-path
rural,10300006000003,1030000600030003,source-path
rural,10300007000001,1030000700020001,source-path
rural,10300007000002,1030000700020002,source-path
rural,10300007000004,1030000700020004,source-path
rural,10300007000006,1030000700020006,source-path
rural,10300007000007,1030000700020007,source-path
rural,10300007000008,1030000700020008,source-path
rural,10300007000001,1030000700030001,source-path
rural,10300007000002,1030000700030002,source-path
rural,10300007000001,1030000700040001,source-path
rural,10300007000002,1030000700040002,source-path
rural,10300010000001,1030001000020001,source-path
rural,10300010000002,1030001000020002,source-path
rural,10300010000003,1030001000020003,source-path
rural,10300010000001,1030001000030001,source-path
rural,10300010000002,1030001000030002,source-path
rural,10300010000003,1030001000030003,source-path
rural,10300010000001,1030001000040001,source-path
rural,10300010000002,1030001000040002,source-path
rural,10300010000003,1030001000040003,source-path
rural,10300010000004,1030001000040004,source-path
rural,10300010000005,1030001000040005,source-path
rural,10300010000006,1030001000040006,source-path
rural,10300010000007,1030001000040007,source-path
rural,10300011000002,1030001100020002,source-path
rural,10300011000003,1030001100020003,source-path
rural,10300011000004,1030001100020004,source-path
rural,10300011000005,1030001100020005,source-path
rural,10300011000006,1030001100020006,source-path
rural,10300011000001,1030001100030001,source-path
rural,10300011000003,1030001100030003,source-path
rural,10300012000001,1030001200010001,source-path
rural,10300012000002,1030001200010002,source-path
rural,10300012000003,1030001200010003,source-path
rural,10300013000001,1030001300010001,source-path
rural,10300013000002,1030001300010002,source-path
rural,10300013000003,1030001300010003,source-path
rural,10300013000004,1030001300010004,source-path
rural,10300013000001,1030001300020001,source-path
rural,10300013000002,1030001300020002,source-path
rural,10300013000003,1030001300020003,source-path
rural,10300013000004,1030001300020004,source-path
rural,10300013000005,1030001300020005,source-path
rural,10300014000001,1030001400010001,source-path
rural,10300014000002,1030001400010002,source-path
rural,10300014000003,1030001400010003,source-path
rural,10300014000002,1030001400020002,source-path
rural,10300014000003,1030001400020003,source-path
rural,10300014000005,1030001400020005,source-path
rural,10300014000001,1030001400030001,source-path
rural,10300014000002,1030001400030002,source-path
rural,10300015000002,1030001500020002,source-path
rural,10300015000003,1030001500020003,source-path
rural,10300015000004,1030001500020004,source-path
rural,10300015000005,1030001500020005,source-path
rural,10300015000001,1030001500030001,source-path
rural,10300015000002,1030001500030002,source-path
rural,10300015000003,1030001500030003,source-path
rural,10300016000001,1030001600010001,source-path
rural,10300016000002,1030001600010002,source-path
rural,10300016000003,1030001600010003,source-path
rural,10300016000001,1030001600020001,source-path
rural,10300016000002,1030001600020002,source-path
rural,10300016000003,1030001600020003,source-path
rural,10300019000001,1030001900010001,source-path
rural,10300019000003,1030001900010003,source-path
rural,10300019000001,1030001900020001,source-path
rural,10300019000002,1030001900020002,source-path
rural,10300019000003,1030001900020003,source-path
rural,10300020000002,1030002000020002,source-path
rural,10300020000003,1030002000020003,source-path
rural,10300020000001,1030002000030001,source-path
rural,10300020000002,1030002000030002,source-path
rural,10300021000001,1030002100010001,source-path
rural,10300021000002,1030002100010002,source-path
rural,10300021000001,1030002100020001,source-path
rural,10300021000001,1030002100030001,source-path
rural,10300021000002,1030002100030002,source-path
rural,10300021000003,1030002100030003,source-path
rural,10300021000004,1030002100030004,source-path
rural,10300022000001,1030002200010001,source-path
rural,10300022000002,1030002200010002,source-path
rural,10300022000001,1030002200020001,source-path
rural,10300022000002,1030002200020002,source-path
rural,10300022000003,1030002200020003,source-path
rural,10300023000001,1030002300010001,source-path
rural,10300023000002,1030002300010002,source-path
rural,10300023000001,1030002300020001,source-path
rural,10300023000002,1030002300020002,source-path
rural,10300023000003,1030002300020003,source-path
rural,10300023000004,1030002300020004,source-path
rural,10300024000001,1030002400010001,source-path
rural,10300024000002,1030002400010002,source-path
rural,10300024000003,1030002400010003,source-path
rural,10300024000001,1030002400020001,source-path
rural,10300024000002,1030002400020002,source-path
rural,10300024000003,1030002400020003,source-path
rural,10300024000004,1030002400020004,source-path
rural,10300025000001,1030002500010001,source-path
rural,10300025000002,1030002500010002,source-path
rural,10300025000001,1030002500020001,source-path
rural,10300025000002,1030002500020002,source-path
rural,10300026000001,1030002600010001,source-path
rural,10300026000002,1030002600010002,source-path
rural,10300026000001,1030002600020001,source-path
rural,10300026000002,1030002600020002,source-path
rural,10300026000001,1030002600030001,source-path
rural,10300026000002,1030002600030002,source-path
rural,10300026000003,1030002600030003,source-path
rural,10300027000001,1030002700010001,source-path
rural,10300027000002,1030002700010002,source-path
rural,10300027000001,1030002700020001,source-path
rural,10300027000002,1030002700020002,source-path
rural,10300028000001,1030002800010001,source-path
rural,10300028000002,1030002800010002,source-path
rural,10300028000001,1030002800020001,source-path
rural,10300028000002,1030002800020002,source-path
rural,10300029000001,1030002900010001,source-path
rural,10300029000002,1030002900010002,source-path
rural,10300029000003,1030002900010003,source-path
rural,10300029000001,1030002900020001,source-path
rural,10300029000002,1030002900020002,source-path
rural,10400001000001,1040000100010001,source-path
rural,10400001000002,1040000100010002,source-path
rural,10400001000001,1040000100020001,source-path
rural,10400001000002,1040000100020002,source-path
rural,10400001000003,1040000100020003,source-path
rural,10400001000001,1040000100030001,source-path
rural,10400001000002,1040000100030002,source-path
rural,10400001000003,1040000100030003,source-path
rural,10400001000001,1040000100040001,source-path
rural,10400001000002,1040000100040002,source-path
rural,10400001000003,1040000100040003,source-path
rural,10400001000004,1040000100040004,source-path
rural,10400001000005,1040000100040005,source-path
rural,10400001000006,1040000100040006,source-path
rural,10400001000007,1040000100040007,source-path
rural,10400001000008,1040000100040008,source-path
rural,10400001000011,1040000100040011,source-path
rural,10400001000001,1040000100050001,source-path
rural,10400001000002,1040000100050002,source-path
rural,10400001000003,1040000100050003,source-path
rural,10400002000001,1040000200010001,source-path
rural,10400002000004,1040000200010004,source-path
rural,10400002000005,1040000200010005,source-path
rural,10400002000001,1040000200020001,source-path
rural,10400002000002,1040000200020002,source-path
rural,10400003000003,1040000300020003,source-path
rural,10400003000004,1040000300020004,source-path
rural,10400003000007,1040000300020007,source-path
rural,10400003000010,1040000300020010,source-path
rural,10400003000001,1040000300030001,source-path
rural,10400003000002,1040000300030002,source-path
rural,10400003000001,1040000300040001,source-path
rural,10400003000002,1040000300040002,source-path
rural,10400003000001,1040000300050001,source-path
rural,10400003000002,1040000300050002,source-path
rural,10400003000001,1040000300060001,source-path
rural,10400003000002,1040000300060002,source-path
rural,10400004000001,1040000400010001,source-path
rural,10400004000003,1040000400010003,source-path
rural,10400004000001,1040000400030001,source-path
rural,10400004000002,1040000400030002,source-path
rural,10400005000002,1040000500010002,source-path
rural,10400005000005,1040000500010005,source-path
rural,10400005000006,1040000500010006,source-path
rural,10400005000007,1040000500010007,source-path
rural,10400005000001,1040000500020001,source-path
rural,10400005000002,1040000500020002,source-path
rural,10400005000003,1040000500020003,source-path
rural,10400006000001,1040000600040001,source-path
rural,10400006000003,1040000600040003,source-path
rural,10400006000005,1040000600040005,source-path
rural,10400006000001,1040000600050001,source-path
rural,10400006000002,1040000600050002,source-path
rural,10400007000001,1040000700010001,source-path
rural,10400007000002,1040000700010002,source-path
rural,10400007000001,1040000700020001,source-path
rural,10400007000002,1040000700020002,source-path
rural,10400007000004,1040000700020004,source-path
rural,10400008000002,1040000800030002,source-path
rural,10400008000003,1040000800030003,source-path
rural,10400008000006,1040000800030006,source-path
rural,10400008000001,1040000800060001,source-path
rural,10400008000002,1040000800060002,source-path
rural,10400008000001,1040000800070001,source-path
rural,10400008000002,1040000800070002,source-path
rural,10400008000001,1040000800080001,source-path
rural,10400008000002,1040000800080002,source-path
rural,10400009000001,1040000900020001,source-path
rural,10400009000003,1040000900020003,source-path
rural,10400009000001,1040000900030001,source-path
rural,10400009000002,1040000900030002,source-path
rural,10400010000001,1040001000010001,source-path
rural,10400010000002,1040001000010002,source-path
rural,10400010000003,1040001000010003,source-path
rural,10400010000001,1040001000020001,source-path
rural,10400010000002,1040001000020002,source-path
rural,10400010000003,1040001000020003,source-path
rural,10400010000004,1040001000020004,source-path
rural,10400011000001,1040001100010001,source-path
rural,10400011000002,1040001100010002,source-path
rural,10400011000003,1040001100010003,source-path
rural,10400011000003,1040001100020003,source-path
rural,10400011000004,1040001100020004,source-path
rural,10400012000001,1040001200010001,source-path
rural,10400012000002,1040001200010002,source-path
rural,10400012000003,1040001200010003,source-path
rural,10400012000001,1040001200020001,source-path
rural,10400012000002,1040001200020002,source-path
rural,10400012000003,1040001200020003,source-path
rural,10400013000001,1040001300010001,source-path
rural,10400013000002,1040001300010002,source-path
rural,10400013000001,1040001300020001,source-path
rural,10400013000002,1040001300020002,source-path
rural,10400014000001,1040001400010001,source-path
rural,10400014000002,1040001400010002,source-path
rural,10400014000001,1040001400020001,source-path
rural,10400014000002,1040001400020002,source-path
rural,10400014000003,1040001400020003,source-path
rural,10400015000001,1040001500010001,source-path
rural,10400015000002,1040001500010002,source-path
rural,10400015000001,1040001500020001,source-path
rural,10400015000002,1040001500020002,source-path
rural,10400016000001,1040001600010001,source-path
rural,10400016000002,1040001600010002,source-path
rural,10400016000001,1040001600020001,source-path
rural,10400016000002,1040001600020002,source-path
rural,10400017000001,1040001700010001,source-path
rural,10400017000002,1040001700010002,source-path
rural,10400017000001,1040001700020001,source-path
rural,10400017000002,1040001700020002,source-path
rural,10400018000001,1040001800010001,source-path
rural,10400018000002,1040001800010002,source-path
rural,10400018000001,1040001800020001,source-path
rural,10400018000002,1040001800020002,source-path
rural,10400019000001,1040001900010001,source-path
rural,10400019000002,1040001900010002,source-path
rural,10400019000001,1040001900020001,source-path
rural,10400019000002,1040001900020002,source-path
rural,10400020000001,1040002000010001,source-path
rural,10400020000002,1040002000010002,source-path
rural,10400020000001,1040002000020001,source-path
rural,10400020000002,1040002000020002,source-path
rural,10500001000002,1050000100010002,source-path
rural,10500001000003,1050000100010003,source-path
rural,10500001000004,1050000100010004,source-path
rural,10500001000001,1050000100030001,source-path
rural,10500001000002,1050000100030002,source-path
rural,10500001000003,1050000100030003,source-path
rural,10500001000006,1050000100030006,source-path
rural,10500002000001,1050000200030001,source-path
rural,10500002000002,1050000200030002,source-path
rural,10500002000003,1050000200030003,source-path
rural,10500002000001,1050000200040001,source-path
rural,10500002000003,1050000200040003,source-path
rural,10500002000004,1050000200040004,source-path
rural,10500002000006,1050000200040006,source-path
rural,10500002000001,1050000200060001,source-path
rural,10500002000002,1050000200060002,source-path
rural,10500002000001,1050000200070001,source-path
rural,10500002000002,1050000200070002,source-path
rural,10500002000001,1050000200080001,source-path
rural,10500002000002,1050000200080002,source-path
rural,10500003000002,1050000300010002,source-path
rural,10500003000003,1050000300010003,source-path
rural,10500003000001,1050000300020001,source-path
rural,10500003000003,1050000300020003,source-path
rural,10500003000002,1050000300030002,source-path
rural,10500004000003,1050000400010003,source-path
rural,10500004000007,1050000400010007,source-path
rural,10500004000001,1050000400020001,source-path
rural,10500004000002,1050000400020002,source-path
rural,10500004000001,1050000400030001,source-path
rural,10500004000002,1050000400030002,source-path
rural,10500004000003,1050000400030003,source-path
rural,10500004000004,1050000400030004,source-path
rural,10500005000001,1050000500010001,source-path
rural,10500005000004,1050000500010004,source-path
rural,10500005000008,1050000500010008,source-path
rural,10500005000001,1050000500020001,source-path
rural,10500005000002,1050000500020002,source-path
rural,10500005000003,1050000500020003,source-path
rural,10500005000001,1050000500030001,source-path
rural,10500005000002,1050000500030002,source-path
rural,10500006000001,1050000600010001,source-path
rural,10500006000001,1050000600020001,source-path
rural,10500006000002,1050000600020002,source-path
rural,10500006000003,1050000600020003,source-path
rural,10500007000001,1050000700010001,source-path
rural,10500007000002,1050000700010002,source-path
rural,10500007000003,1050000700010003,source-path
rural,10500007000004,1050000700010004,source-path
rural,10500007000005,1050000700010005,source-path
rural,10500008000001,1050000800010001,source-path
rural,10500008000002,1050000800010002,source-path
rural,10500008000004,1050000800010004,source-path
rural,10500008000006,1050000800010006,source-path
rural,10500008000001,1050000800020001,source-path
rural,10500008000002,1050000800020002,source-path
rural,10500009000001,1050000900030001,source-path
rural,10500009000003,1050000900030003,source-path
rural,10500009000001,1050000900040001,source-path
rural,10500009000002,1050000900040002,source-path
rural,10500010000001,1050001000010001,source-path
rural,10500010000002,1050001000010002,source-path
rural,10500010000003,1050001000010003,source-path
rural,10500010000002,1050001000020002,source-path
rural,10500010000003,1050001000020003,source-path
rural,10500010000004,1050001000020004,source-path
rural,10500010000005,1050001000020005,source-path
rural,10500011000001,1050001100010001,source-path
rural,10500011000002,1050001100010002,source-path
rural,10500011000001,1050001100020001,source-path
rural,10500011000002,1050001100020002,source-path
rural,10500012000001,1050001200010001,source-path
rural,10500012000002,1050001200010002,source-path
rural,10500012000001,1050001200020001,source-path
rural,10500012000001,1050001200030001,source-path
rural,10500012000002,1050001200030002,source-path
rural,10500013000001,1050001300010001,source-path
rural,10500013000002,1050001300010002,source-path
rural,10500013000001,1050001300020001,source-path
rural,10500013000002,1050001300020002,source-path
rural,10500013000003,1050001300020003,source-path
rural,10500014000001,1050001400010001,source-path
rural,10500014000002,1050001400010002,source-path
rural,10500014000001,1050001400020001,source-path
rural,10500014000002,1050001400020002,source-path
rural,10500014000003,1050001400020003,source-path
rural,10500014000004,1050001400020004,source-path
rural,10600001000001,1060000100010001,source-path
rural,10600001000002,1060000100010002,source-path
rural,10600001000003,1060000100010003,source-path
rural,10600001000001,1060000100020001,source-path
rural,10600001000002,1060000100020002,source-path
rural,10600001000003,1060000100020003,source-path
rural,10600002000001,1060000200010001,source-path
rural,10600002000002,1060000200010002,source-path
rural,10600002000003,1060000200010003,source-path
rural,10600002000001,1060000200020001,source-path
rural,10600003000002,1060000300020002,source-path
rural,10600003000009,1060000300020009,source-path
rural,10600003000001,1060000300040001,source-path
rural,10600003000002,1060000300040002,source-path
rural,10600003000001,1060000300050001,source-path
rural,10600003000002,1060000300050002,source-path
rural,10600004000001,1060000400030001,source-path
rural,10600004000002,1060000400030002,source-path
rural,10600004000003,1060000400030003,source-path
rural,10600004000006,1060000400030006,source-path
rural,10600004000007,1060000400030007,source-path
rural,10600004000001,1060000400040001,source-path
rural,10600004000002,1060000400040002,source-path
rural,10600005000002,1060000500010002,source-path
rural,10600005000001,1060000500020001,source-path
rural,10600006000001,1060000600020001,source-path
rural,10600006000002,1060000600020002,source-path
rural,10600006000002,1060000600030002,source-path
rural,10600006000003,1060000600030003,source-path
rural,10600006000001,1060000600040001,source-path
rural,10600006000002,1060000600040002,source-path
rural,10600007000001,1060000700010001,source-path
rural,10600007000002,1060000700010002,source-path
rural,10600007000003,1060000700010003,source-path
rural,10600007000001,1060000700020001,source-path
rural,10600008000004,1060000800010004,source-path
rural,10600008000007,1060000800010007,source-path
rural,10600008000002,1060000800020002,source-path
rural,10600008000003,1060000800020003,source-path
rural,10600008000001,1060000800030001,source-path
rural,10600008000002,1060000800030002,source-path
rural,10600008000001,1060000800040001,source-path
rural,10600008000002,1060000800040002,source-path
rural,10600008000003,1060000800040003,source-path
rural,10600008000004,1060000800040004,source-path
rural,10600008000005,1060000800040005,source-path
rural,10600009000001,1060000900010001,source-path
rural,10600009000002,1060000900010002,source-path
rural,10600009000001,1060000900020001,source-path
rural,10600009000002,1060000900020002,source-path
rural,10600009000003,1060000900020003,source-path
rural,10600010000003,1060001000020003,source-path
rural,10600010000004,1060001000020004,source-path
rural,10600010000001,1060001000030001,source-path
rural,10600010000002,1060001000030002,source-path
rural,10600010000001,1060001000040001,source-path
rural,10600010000002,1060001000040002,source-path
rural,10600010000001,1060001000050001,source-path
rural,10600010000002,1060001000050002,source-path
rural,10600011000001,1060001100010001,source-path
rural,10600011000002,1060001100010002,source-path
rural,10600011000003,1060001100010003,source-path
rural,10600011000004,1060001100010004,source-path
rural,10600011000001,1060001100020001,source-path
rural,10600011000002,1060001100020002,source-path
rural,10600011000001,1060001100030001,source-path
rural,10600011000002,1060001100030002,source-path
rural,10600012000001,1060001200020001,source-path
rural,10600012000003,1060001200020003,source-path
rural,10600012000001,1060001200030001,source-path
rural,10600012000002,1060001200030002,source-path
rural,10600012000001,1060001200040001,source-path
rural,10600012000002,1060001200040002,source-path
rural,10600013000001,1060001300030001,source-path
rural,10600013000002,1060001300030002,source-path
rural,10600013000001,1060001300040001,source-path
rural,10600013000002,1060001300040002,source-path
rural,10600013000001,1060001300050001,source-path
rural,10600013000002,1060001300050002,source-path
rural,10600014000001,1060001400020001,source-path
rural,10600014000003,1060001400020003,source-path
rural,10600014000001,1060001400030001,source-path
rural,10600014000002,1060001400030002,source-path
rural,10600015000002,1060001500020002,source-path
rural,10600015000004,1060001500020004,source-path
rural,10600015000006,1060001500020006,source-path
rural,10600015000001,1060001500040001,source-path
rural,10600015000002,1060001500040002,source-path
rural,10600015000001,1060001500050001,source-path
rural,10600015000002,1060001500050002,source-path
rural,10600016000001,1060001600010001,source-path
rural,10600016000001,1060001600020001,source-path
rural,10600016000002,1060001600020002,source-path
rural,10600017000001,1060001700010001,source-path
rural,10600017000002,1060001700010002,source-path
rural,10600017000001,1060001700020001,source-path
rural,10600017000002,1060001700020002,source-path
rural,10600018000001,1060001800010001,source-path
rural,10600018000002,1060001800010002,source-path
rural,10600018000001,1060001800020001,source-path
rural,10600018000002,1060001800020002,source-path
rural,10600019000001,1060001900010001,source-path
rural,10600019000002,1060001900010002,source-path
rural,10600019000001,1060001900020001,source-path
rural,10600019000002,1060001900020002,source-path
rural,10600020000001,1060002000010001,source-path
rural,10600020000002,1060002000010002,source-path
rural,10600020000001,1060002000020001,source-path
rural,10600020000002,1060002000020002,source-path
rural,10600021000001,1060002100010001,source-path
rural,10600021000002,1060002100010002,source-path
rural,10600021000001,1060002100020001,source-path
rural,10600021000002,1060002100020002,source-path
rural,10600021000001,1060002100030001,source-path
rural,10600021000002,1060002100030002,source-path
rural,10600022000001,1060002200010001,source-path
rural,10600022000002,1060002200010002,source-path
rural,10600022000001,1060002200020001,source-path
rural,10600023000001,1060002300010001,source-path
rural,10600023000002,1060002300010002,source-path
rural,10600023000001,1060002300020001,source-path
rural,10600023000002,1060002300020002,source-path
rural,10600024000001,1060002400010001,source-path
rural,10600024000002,1060002400010002,source-path
rural,10600024000001,1060002400020001,source-path
rural,10600024000002,1060002400020002,source-path
rural,10600025000001,1060002500010001,source-path
rural,10600025000002,1060002500010002,source-path
rural,10600025000001,1060002500020001,source-path
rural,10600025000002,1060002500020002,source-path
rural,10600026000001,1060002600010001,source-path
rural,10600026000001,1060002600020001,source-path
rural,10600026000002,1060002600020002,source-path
rural,10600027000001,1060002700010001,source-path
rural,10600027000002,1060002700010002,source-path
rural,10600027000001,1060002700020001,source-path
rural,10600027000002,1060002700020002,source-path
rural,10600028000001,1060002800010001,source-path
rural,10600028000002,1060002800010002,source-path
rural,10600028000001,1060002800020001,source-path
rural,10600028000002,1060002800020002,source-path
rural,10600029000001,1060002900010001,source-path
rural,10600029000002,1060002900010002,source-path
rural,10600029000001,1060002900020001,source-path
rural,10600029000002,1060002900020002,source-path
rural,10600030000001,1060003000010001,source-path
rural,10600030000002,1060003000010002,source-path
rural,10600030000001,1060003000020001,source-path
rural,10600030000002,1060003000020002,source-path
rural,10700001000001,1070000100040001,source-path
rural,10700001000003,1070000100040003,source-path
rural,10700001000004,1070000100040004,source-path
rural,10700001000001,1070000100050001,source-path
rural,10700001000002,1070000100050002,source-path
rural,10700002000001,1070000200010001,source-path
rural,10700002000002,1070000200010002,source-path
rural,10700002000001,1070000200020001,source-path
rural,10700003000001,1070000300010001,source-path
rural,10700003000002,1070000300010002,source-path
rural,10700003000003,1070000300010003,source-path
rural,10700003000003,1070000300020003,source-path
rural,10700003000004,1070000300020004,source-path
rural,10700003000001,1070000300030001,source-path
rural,10700003000002,1070000300030002,source-path
rural,10700003000003,1070000300030003,source-path
rural,10700004000001,1070000400020001,source-path
rural,10700004000002,1070000400020002,source-path
rural,10700004000003,1070000400020003,source-path
rural,10700004000001,1070000400030001,source-path
rural,10700004000002,1070000400030002,source-path
rural,10700004000001,1070000400040001,source-path
rural,10700004000002,1070000400040002,source-path
rural,10700005000002,1070000500020002,source-path
rural,10700005000004,1070000500020004,source-path
rural,10700005000001,1070000500030001,source-path
rural,10700005000003,1070000500030003,source-path
rural,10700005000007,1070000500030007,source-path
rural,10700005000008,1070000500030008,source-path
rural,10700005000001,1070000500040001,source-path
rural,10700005000002,1070000500040002,source-path
rural,10700005000001,1070000500050001,source-path
rural,10700005000002,1070000500050002,source-path
rural,10700005000001,1070000500060001,source-path
rural,10700005000002,1070000500060002,source-path
rural,10700006000001,1070000600020001,source-path
rural,10700006000002,1070000600020002,source-path
rural,10700006000003,1070000600020003,source-path
rural,10700006000001,1070000600030001,source-path
rural,10700006000003,1070000600030003,source-path
rural,10700007000001,1070000700050001,source-path
rural,10700007000003,1070000700050003,source-path
rural,10700007000006,1070000700050006,source-path
rural,10700007000008,1070000700050008,source-path
rural,10700007000001,1070000700060001,source-path
rural,10700007000002,1070000700060002,source-path
rural,10700007000003,1070000700060003,source-path
rural,10700007000001,1070000700070001,source-path
rural,10700007000002,1070000700070002,source-path
rural,10700007000001,1070000700080001,source-path
rural,10700007000002,1070000700080002,source-path
rural,10700008000001,1070000800010001,source-path
rural,10700008000002,1070000800010002,source-path
rural,10700008000001,1070000800020001,source-path
rural,10700008000002,1070000800020002,source-path
rural,10700008000001,1070000800030001,source-path
rural,10700008000002,1070000800030002,source-path
rural,10700008000003,1070000800030003,source-path
rural,10700008000001,1070000800040001,source-path
rural,10700009000001,1070000900030001,source-path
rural,10700009000003,1070000900030003,source-path
rural,10700009000001,1070000900040001,source-path
rural,10700009000002,1070000900040002,source-path
rural,10700009000003,1070000900040003,source-path
rural,10700010000001,1070001000010001,source-path
rural,10700010000002,1070001000010002,source-path
rural,10700010000003,1070001000010003,source-path
rural,10700010000001,1070001000020001,source-path
rural,10700010000002,1070001000020002,source-path
rural,10700010000001,1070001000040001,source-path
rural,10700010000002,1070001000040002,source-path
rural,10700010000003,1070001000040003,source-path
rural,10700010000004,1070001000040004,source-path
rural,10700010000005,1070001000040005,source-path
rural,10700010000001,1070001000060001,source-path
rural,10700010000002,1070001000060002,source-path
rural,10700011000001,1070001100040001,source-path
rural,10700011000002,1070001100040002,source-path
rural,10700011000003,1070001100040003,source-path
rural,10700011000002,1070001100050002,source-path
rural,10700011000003,1070001100050003,source-path
rural,10700011000001,1070001100070001,source-path
rural,10700011000002,1070001100070002,source-path
rural,10700011000001,1070001100080001,source-path
rural,10700011000002,1070001100080002,source-path
rural,10700012000001,1070001200030001,source-path
rural,10700012000002,1070001200030002,source-path
rural,10700012000005,1070001200040005,source-path
rural,10700012000007,1070001200040007,source-path
rural,10700012000008,1070001200040008,source-path
rural,10700012000009,1070001200040009,source-path
rural,10700012000010,1070001200040010,source-path
rural,10700012000011,1070001200040011,source-path
rural,10700012000001,1070001200050001,source-path
rural,10700012000002,1070001200050002,source-path
rural,10700012000003,1070001200050003,source-path
rural,10700012000001,1070001200060001,source-path
rural,10700012000002,1070001200060002,source-path
rural,10700012000001,1070001200070001,source-path
rural,10700012000002,1070001200070002,source-path
rural,10700013000001,1070001300020001,source-path
rural,10700013000002,1070001300020002,source-path
rural,10700013000001,1070001300030001,source-path
rural,10700013000002,1070001300030002,source-path
rural,10700013000004,1070001300030004,source-path
rural,10700013000008,1070001300030008,source-path
rural,10700013000001,1070001300050001,source-path
rural,10700013000002,1070001300050002,source-path
rural,10700013000001,1070001300060001,source-path
rural,10700013000002,1070001300060002,source-path
rural,10700014000003,1070001400020003,source-path
rural,10700014000004,1070001400020004,source-path
rural,10700014000001,1070001400030001,source-path
rural,10700014000002,1070001400030002,source-path
rural,10700014000001,1070001400040001,source-path
rural,10700014000002,1070001400040002,source-path
rural,10700015000003,1070001500010003,source-path
rural,10700015000004,1070001500010004,source-path
rural,10700015000001,1070001500030001,source-path
rural,10700015000002,1070001500030002,source-path
rural,10700015000002,1070001500040002,source-path
rural,10700015000003,1070001500040003,source-path
rural,10700015000001,1070001500050001,source-path
rural,10700015000002,1070001500050002,source-path
rural,10700015000001,1070001500060001,source-path
rural,10700015000002,1070001500060002,source-path
rural,10700016000001,1070001600020001,source-path
rural,10700016000004,1070001600020004,source-path
rural,10700016000001,1070001600030001,source-path
rural,10700016000002,1070001600030002,source-path
rural,10700017000001,1070001700010001,source-path
rural,10700017000002,1070001700010002,source-path
rural,10700017000003,1070001700010003,source-path
rural,10700018000001,1070001800010001,source-path
rural,10700018000001,1070001800020001,source-path
rural,10700018000002,1070001800020002,source-path
rural,10700019000001,1070001900010001,source-path
rural,10700019000002,1070001900010002,source-path
rural,10700019000001,1070001900020001,source-path
rural,10700019000002,1070001900020002,source-path
rural,10700019000003,1070001900020003,source-path
rural,10700020000001,1070002000010001,source-path
rural,10700020000002,1070002000010002,source-path
rural,10700020000001,1070002000020001,source-path
rural,10700020000002,1070002000020002,source-path
rural,10700020000003,1070002000020003,source-path
rural,10700021000002,1070002100010002,source-path
rural,10700021000003,1070002100010003,source-path
rural,10700021000003,1070002100020003,source-path
rural,10700021000004,1070002100020004,source-path
rural,10700021000001,1070002100030001,source-path
rural,10700021000002,1070002100030002,source-path
rural,10700021000001,1070002100040001,source-path
rural,10700021000002,1070002100040002,source-path
rural,10700022000001,1070002200010001,source-path
rural,10700022000003,1070002200010003,source-path
rural,10700022000002,1070002200020002,source-path
rural,10700022000004,1070002200020004,source-path
rural,10700023000001,1070002300010001,source-path
rural,10700023000002,1070002300010002,source-path
rural,10700023000001,1070002300020001,source-path
rural,10700023000002,1070002300020002,source-path
rural,10700024000001,1070002400010001,source-path
rural,10700024000002,1070002400010002,source-path
rural,10700024000001,1070002400020001,source-path
rural,10700024000002,1070002400020002,source-path
rural,10700025000001,1070002500010001,source-path
rural,10700025000002,1070002500010002,source-path
rural,10700025000001,1070002500020001,source-path
rural,10700025000002,1070002500020002,source-path
rural,10700026000001,1070002600010001,source-path
rural,10700026000002,1070002600010002,source-path
rural,10700026000001,1070002600020001,source-path
rural,10700026000002,1070002600020002,source-path
rural,10700027000001,1070002700010001,source-path
rural,10700027000002,1070002700010002,source-path
rural,10700027000001,1070002700020001,source-path
rural,10700027000002,1070002700020002,source-path
rural,10700028000001,1070002800010001,source-path
rural,10700028000002,1070002800010002,source-path
rural,10700028000001,1070002800020001,source-path
rural,10700028000002,1070002800020002,source-path
rural,10700029000001,1070002900010001,source-path
rural,10700029000002,1070002900010002,source-path
rural,10700029000001,1070002900020001,source-path
rural,10700029000002,1070002900020002,source-path
rural,10700029000003,1070002900020003,source-path
rural,10700030000001,1070003000010001,source-path
rural,10700030000002,1070003000010002,source-path
rural,10700030000001,1070003000020001,source-path
rural,10700030000002,1070003000020002,source-path
rural,10700031000001,1070003100010001,source-path
rural,10700031000002,1070003100010002,source-path
rural,10700031000001,1070003100020001,source-path
rural,10700031000002,1070003100020002,source-path
rural,10700032000002,1070003200010002,source-path
rural,10700032000003,1070003200010003,source-path
rural,10700032000001,1070003200020001,source-path
rural,10700032000002,1070003200020002,source-path
rural,10700032000001,1070003200030001,source-path
rural,10700032000002,1070003200030002,source-path
rural,10700033000001,1070003300010001,source-path
rural,10700033000002,1070003300010002,source-path
rural,10700033000001,1070003300020001,source-path
rural,10700033000002,1070003300020002,source-path
rural,10700034000001,1070003400010001,source-path
rural,10700034000002,1070003400010002,source-path
rural,10700034000003,1070003400010003,source-path
rural,10700034000004,1070003400010004,source-path
rural,10700034000001,1070003400020001,source-path
rural,10700034000002,1070003400020002,source-path
rural,10700035000001,1070003500010001,source-path
rural,10700035000002,1070003500010002,source-path
rural,10700035000001,1070003500020001,source-path
rural,10700035000002,1070003500020002,source-path
rural,10700036000001,1070003600010001,source-path
rural,10700036000002,1070003600010002,source-path
rural,10700036000001,1070003600020001,source-path
rural,10700036000002,1070003600020002,source-path
rural,10700037000001,1070003700010001,source-path
rural,10700037000002,1070003700010002,source-path
rural,10700037000001,1070003700020001,source-path
rural,10700037000002,1070003700020002,source-path
rural,10800001000001,1080000100030001,source-path
rural,10800001000005,1080000100030005,source-path
rural,10800001000006,1080000100030006,source-path
rural,10800001000007,1080000100030007,source-path
rural,10800001000001,1080000100040001,source-path
rural,10800001000002,1080000100040002,source-path
rural,10800002000001,1080000200030001,source-path
rural,10800002000003,1080000200030003,source-path
rural,10800002000001,1080000200070001,source-path
rural,10800002000002,1080000200070002,source-path
rural,10800002000001,1080000200080001,source-path
rural,10800002000002,1080000200080002,source-path
rural,10800003000001,1080000300010001,source-path
rural,10800003000002,1080000300010002,source-path
rural,10800003000003,1080000300010003,source-path
rural,10800003000001,1080000300020001,source-path
rural,10800003000002,1080000300020002,source-path
rural,10800003000003,1080000300020003,source-path
rural,10800003000002,1080000300040002,source-path
rural,10800003000005,1080000300040005,source-path
rural,10800003000006,1080000300040006,source-path
rural,10800003000008,1080000300040008,source-path
rural,10800003000001,1080000300050001,source-path
rural,10800003000002,1080000300050002,source-path
rural,10800003000003,1080000300050003,source-path
rural,10800003000001,1080000300060001,source-path
rural,10800003000002,1080000300060002,source-path
rural,10800004000001,1080000400020001,source-path
rural,10800004000002,1080000400020002,source-path
rural,10800004000004,1080000400020004,source-path
rural,10800004000005,1080000400020005,source-path
rural,10800004000007,1080000400020007,source-path
rural,10800004000009,1080000400020009,source-path
rural,10800004000012,1080000400020012,source-path
rural,10800004000013,1080000400020013,source-path
rural,10800004000001,1080000400030001,source-path
rural,10800004000002,1080000400030002,source-path
rural,10800004000003,1080000400030003,source-path
rural,10800004000001,1080000400040001,source-path
rural,10800004000001,1080000400050001,source-path
rural,10800004000002,1080000400050002,source-path
rural,10800005000001,1080000500020001,source-path
rural,10800005000002,1080000500020002,source-path
rural,10800005000004,1080000500020004,source-path
rural,10800005000005,1080000500020005,source-path
rural,10800005000008,1080000500020008,source-path
rural,10800005000009,1080000500020009,source-path
rural,10800005000011,1080000500020011,source-path
rural,10800005000012,1080000500020012,source-path
rural,10800005000001,1080000500030001,source-path
rural,10800005000002,1080000500030002,source-path
rural,10800005000003,1080000500030003,source-path
rural,10800006000006,1080000600010006,source-path
rural,10800006000010,1080000600010010,source-path
rural,10800006000001,1080000600020001,source-path
rural,10800006000002,1080000600020002,source-path
rural,10800006000001,1080000600030001,source-path
rural,10800006000002,1080000600030002,source-path
rural,10800006000001,1080000600040001,source-path
rural,10800006000002,1080000600040002,source-path
rural,10800006000001,1080000600050001,source-path
rural,10800006000002,1080000600050002,source-path
rural,10800007000001,1080000700010001,source-path
rural,10800007000002,1080000700010002,source-path
rural,10800007000004,1080000700010004,source-path
rural,10800007000006,1080000700010006,source-path
rural,10800007000008,1080000700010008,source-path
rural,10800007000009,1080000700010009,source-path
rural,10800007000001,1080000700020001,source-path
rural,10800007000002,1080000700020002,source-path
rural,10800007000003,1080000700020003,source-path
rural,10800008000001,1080000800020001,source-path
rural,10800008000002,1080000800020002,source-path
rural,10800008000003,1080000800020003,source-path
rural,10800008000001,1080000800030001,source-path
rural,10800008000002,1080000800030002,source-path
rural,10800008000001,1080000800040001,source-path
rural,10800008000002,1080000800040002,source-path
rural,10800008000001,1080000800050001,source-path
rural,10800008000002,1080000800050002,source-path
rural,10800008000004,1080000800050004,source-path
rural,10800008000005,1080000800050005,source-path
rural,10800008000006,1080000800050006,source-path
rural,10800008000001,1080000800060001,source-path
rural,10800008000002,1080000800060002,source-path
rural,10800008000002,1080000800070002,source-path
rural,10800008000003,1080000800070003,source-path
rural,10800009000004,1080000900040004,source-path
rural,10800009000005,1080000900040005,source-path
rural,10800009000006,1080000900040006,source-path
rural,10800009000001,1080000900050001,source-path
rural,10800009000002,1080000900050002,source-path
rural,10800010000003,1080001000010003,source-path
rural,10800010000005,1080001000010005,source-path
rural,10800010000001,1080001000020001,source-path
rural,10800010000002,1080001000020002,source-path
rural,10800010000001,1080001000030001,source-path
rural,10800010000002,1080001000030002,source-path
rural,10800010000001,1080001000040001,source-path
rural,10800010000002,1080001000040002,source-path
rural,10800011000001,1080001100010001,source-path
rural,10800011000003,1080001100010003,source-path
rural,10800011000001,1080001100020001,source-path
rural,10800012000001,1080001200010001,source-path
rural,10800012000002,1080001200010002,source-path
rural,10800012000003,1080001200010003,source-path
rural,10800012000004,1080001200010004,source-path
rural,10800012000001,1080001200030001,source-path
rural,10800012000002,1080001200030002,source-path
rural,10800012000003,1080001200030003,source-path
rural,10800013000001,1080001300010001,source-path
rural,10800013000002,1080001300010002,source-path
rural,10800013000003,1080001300010003,source-path
rural,10800013000001,1080001300020001,source-path
rural,10800013000003,1080001300020003,source-path
rural,10800014000002,1080001400010002,source-path
rural,10800014000001,1080001400020001,source-path
rural,10800014000002,1080001400020002,source-path
rural,10800015000001,1080001500020001,source-path
rural,10800015000003,1080001500020003,source-path
rural,10800015000001,1080001500030001,source-path
rural,10800015000002,1080001500030002,source-path
rural,10800016000001,1080001600010001,source-path
rural,10800016000002,1080001600010002,source-path
rural,10800016000003,1080001600010003,source-path
rural,10800016000001,1080001600020001,source-path
rural,10800016000003,1080001600020003,source-path
rural,10800016000001,1080001600030001,source-path
rural,10800016000002,1080001600030002,source-path
rural,10800017000002,1080001700020002,source-path
rural,10800017000004,1080001700020004,source-path
rural,10800017000001,1080001700030001,source-path
rural,10800017000002,1080001700030002,source-path
rural,10800018000001,1080001800010001,source-path
rural,10800018000002,1080001800010002,source-path
rural,10800018000001,1080001800020001,source-path
rural,10800018000002,1080001800020002,source-path
rural,10800019000001,1080001900010001,source-path
rural,10800019000002,1080001900010002,source-path
rural,10800019000001,1080001900020001,source-path
rural,10800019000002,1080001900020002,source-path
rural,10800020000001,1080002000010001,source-path
rural,10800020000002,1080002000010002,source-path
rural,10800021000001,1080002100010001,source-path
rural,10800021000002,1080002100010002,source-path
rural,10800021000001,1080002100020001,source-path
rural,10800021000002,1080002100020002,source-path
rural,10800022000001,1080002200010001,source-path
rural,10800022000002,1080002200010002,source-path
rural,10800022000001,1080002200020001,source-path
rural,10800022000002,1080002200020002,source-path
rural,10800023000001,1080002300010001,source-path
rural,10800023000002,1080002300010002,source-path
rural,10800023000003,1080002300010003,source-path
rural,10800023000001,1080002300020001,source-path
rural,10800023000002,1080002300020002,source-path
rural,10800024000001,1080002400010001,source-path
rural,10800024000002,1080002400010002,source-path
rural,10800024000001,1080002400020001,source-path
rural,10800024000002,1080002400020002,source-path
rural,10800025000001,1080002500010001,source-path
rural,10800025000002,1080002500010002,source-path
rural,10800025000001,1080002500020001,source-path
rural,10800025000002,1080002500020002,source-path
rural,10900004000001,1090000400020001,source-path
rural,10900004000002,1090000400020002,source-path
rural,10900004000002,1090000400030002,source-path
rural,10900004000003,1090000400030003,source-path
rural,10900005000001,1090000500010001,source-path
rural,10900005000003,1090000500050003,source-path
rural,10900005000005,1090000500050005,source-path
rural,10900005000001,1090000500060001,source-path
rural,10900005000002,1090000500060002,source-path
rural,10900005000002,1090000500070002,source-path
rural,10900005000003,1090000500070003,source-path
rural,10900005000004,1090000500070004,source-path
rural,10900006000003,1090000600020003,source-path
rural,10900006000004,1090000600020004,source-path
rural,10900006000005,1090000600020005,source-path
rural,10900006000001,1090000600030001,source-path
rural,10900006000002,1090000600030002,source-path
rural,10900006000001,1090000600040001,source-path
rural,10900006000002,1090000600040002,source-path
rural,10900006000001,1090000600050001,source-path
rural,10900006000002,1090000600050002,source-path
rural,10900007000001,1090000700010001,source-path
rural,10900007000002,1090000700010002,source-path
rural,10900007000001,1090000700020001,source-path
rural,10900007000002,1090000700020002,source-path
rural,10900007000001,1090000700030001,source-path
rural,10900007000001,1090000700040001,source-path
rural,10900007000002,1090000700040002,source-path
rural,10900008000001,1090000800050001,source-path
rural,10900008000002,1090000800050002,source-path
rural,10900008000003,1090000800050003,source-path
rural,10900008000001,1090000800070001,source-path
rural,10900008000002,1090000800070002,source-path
rural,10900008000003,1090000800070003,source-path
rural,10900008000004,1090000800070004,source-path
rural,10900013000001,1090001300010001,source-path
rural,10900013000002,1090001300030002,source-path
rural,10900013000003,1090001300030003,source-path
rural,10900013000001,1090001300040001,source-path
rural,10900013000002,1090001300040002,source-path
rural,10900013000001,1090001300050001,source-path
rural,10900013000002,1090001300050002,source-path
rural,10900014000001,1090001400040001,source-path
rural,10900014000002,1090001400040002,source-path
rural,10900014000001,1090001400050001,source-path
rural,10900014000002,1090001400050002,source-path
rural,10900015000001,1090001500020001,source-path
rural,10900015000002,1090001500020002,source-path
rural,10900015000001,1090001500030001,source-path
rural,10900015000002,1090001500030002,source-path
rural,10900016000002,1090001600010002,source-path
rural,10900016000004,1090001600010004,source-path
rural,10900016000001,1090001600050001,source-path
rural,10900016000002,1090001600050002,source-path
rural,10900016000003,1090001600050003,source-path
rural,10900016000004,1090001600050004,source-path
rural,10900016000005,1090001600050005,source-path
rural,10900016000006,1090001600050006,source-path
rural,10900016000001,1090001600060001,source-path
rural,10900016000002,1090001600060002,source-path
rural,10900016000003,1090001600060003,source-path
rural,10900017000002,1090001700030002,source-path
rural,10900017000003,1090001700030003,source-path
rural,10900017000001,1090001700040001,source-path
rural,10900017000002,1090001700040002,source-path
rural,10900017000003,1090001700040003,source-path
rural,10900017000004,1090001700040004,source-path
rural,10900017000005,1090001700040005,source-path
rural,10900018000001,1090001800020001,source-path
rural,10900018000003,1090001800020003,source-path
rural,10900018000001,1090001800030001,source-path
rural,10900018000002,1090001800030002,source-path
rural,10900018000001,1090001800040001,source-path
rural,10900018000002,1090001800040002,source-path
rural,10900019000001,1090001900010001,source-path
rural,10900019000003,1090001900010003,source-path
rural,10900019000001,1090001900020001,source-path
rural,10900019000002,1090001900020002,source-path
rural,10900019000001,1090001900030001,source-path
rural,10900019000002,1090001900030002,source-path
rural,10900019000001,1090001900040001,source-path
rural,10900019000002,1090001900040002,source-path
rural,10900020000001,1090002000010001,source-path
rural,10900020000002,1090002000010002,source-path
rural,10900020000003,1090002000010003,source-path
rural,10900020000001,1090002000020001,source-path
rural,10900020000002,1090002000020002,source-path
rural,10900020000003,1090002000020003,source-path
rural,10900022000001,1090002200010001,source-path
rural,10900022000002,1090002200010002,source-path
rural,10900022000001,1090002200020001,source-path
rural,10900022000002,1090002200020002,source-path
rural,10900022000003,1090002200020003,source-path
rural,10900023000001,1090002300010001,source-path
rural,10900023000002,1090002300010002,source-path
rural,10900023000001,1090002300020001,source-path
rural,10900023000002,1090002300020002,source-path
rural,10900023000001,1090002300030001,source-path
rural,10900023000002,1090002300030002,source-path
rural,10900027000001,1090002700010001,source-path
rural,10900027000002,1090002700010002,source-path
rural,10900027000001,1090002700020001,source-path
rural,10900027000002,1090002700020002,source-path
rural,10900028000001,1090002800010001,source-path
rural,10900028000002,1090002800010002,source-path
rural,10900028000001,1090002800020001,source-path
rural,10900028000003,1090002800020003,source-path
rural,10900028000001,1090002800030001,source-path
rural,10900028000002,1090002800030002,source-path
rural,10900029000001,1090002900010001,source-path
rural,10900029000002,1090002900010002,source-path
rural,10900029000001,1090002900020001,source-path
rural,10900029000002,1090002900020002,source-path
rural,10900030000001,1090003000010001,source-path
rural,10900030000002,1090003000010002,source-path
rural,10900030000001,1090003000020001,source-path
rural,10900030000002,1090003000020002,source-path
rural,10900031000001,1090003100010001,source-path
rural,10900031000002,1090003100010002,source-path
rural,10900031000001,1090003100020001,source-path
rural,10900031000002,1090003100020002,source-path
rural,10900032000001,1090003200010001,source-path
rural,10900032000002,1090003200010002,source-path
rural,10900032000001,1090003200020001,source-path
rural,10900032000002,1090003200020002,source-path
rural,10900033000001,1090003300010001,source-path
rural,10900033000002,1090003300010002,source-path
rural,10900033000001,1090003300020001,source-path
rural,10900033000002,1090003300020002,source-path
rural,10900034000001,1090003400010001,source-path
rural,10900034000002,1090003400010002,source-path
rural,10900034000001,1090003400020001,source-path
rural,10900034000002,1090003400020002,source-path
rural,10900035000001,1090003500010001,source-path
rural,10900035000002,1090003500010002,source-path
rural,10900035000001,1090003500020001,source-path
rural,10900035000002,1090003500020002,source-path
rural,10900036000001,1090003600010001,source-path
rural,10900036000002,1090003600010002,source-path
rural,10900036000001,1090003600020001,source-path
rural,10900036000002,1090003600020002,source-path
rural,10900037000001,1090003700010001,source-path
rural,10900037000002,1090003700010002,source-path
rural,10900037000001,1090003700020001,source-path
rural,10900037000002,1090003700020002,source-path
rural,10900038000001,1090003800010001,source-path
rural,10900038000002,1090003800010002,source-path
rural,10900038000001,1090003800020001,source-path
rural,10900038000002,1090003800020002,source-path
rural,10900038000001,1090003800030001,source-path
rural,10900038000002,1090003800030002,source-path
rural,10900039000001,1090003900010001,source-path
rural,10900039000002,1090003900010002,source-path
rural,10900039000001,1090003900020001,source-path
rural,10900039000002,1090003900020002,source-path
rural,10900040000001,1090004000010001,source-path
rural,10900040000002,1090004000010002,source-path
rural,10900040000003,1090004000010003,source-path
rural,10900040000001,1090004000020001,source-path
rural,10900040000002,1090004000020002,source-path
rural,10900041000002,1090004100010002,source-path
rural,10900041000004,1090004100010004,source-path
rural,10900041000001,1090004100020001,source-path
rural,10900041000002,1090004100020002,source-path
rural,10900042000001,1090004200010001,source-path
rural,10900042000002,1090004200010002,source-path
rural,10900042000001,1090004200020001,source-path
rural,10900042000002,1090004200020002,source-path
rural,10900043000001,1090004300010001,source-path
rural,10900043000002,1090004300010002,source-path
rural,10900043000001,1090004300020001,source-path
rural,10900043000002,1090004300020002,source-path
rural,10900044000001,1090004400010001,source-path
rural,10900044000002,1090004400010002,source-path
rural,10900044000001,1090004400020001,source-path
rural,10900044000002,1090004400020002,source-path
rural,10900045000001,1090004500010001,source-path
rural,10900045000002,1090004500010002,source-path
rural,10900045000001,1090004500020001,source-path
rural,10900045000002,1090004500020002,source-path
rural,11000001000001,1100000100010001,source-path
rural,11000001000003,1100000100010003,source-path
rural,11000001000004,1100000100010004,source-path
rural,11000001000001,1100000100020001,source-path
rural,11000001000002,1100000100020002,source-path
rural,11000001000001,1100000100030001,source-path
rural,11000001000002,1100000100030002,source-path
rural,11000002000001,1100000200030001,source-path
rural,11000002000002,1100000200030002,source-path
rural,11000002000003,1100000200030003,source-path
rural,11000002000004,1100000200030004,source-path
rural,11000002000005,1100000200030005,source-path
rural,11000002000006,1100000200030006,source-path
rural,11000002000007,1100000200030007,source-path
rural,11000003000001,1100000300010001,source-path
rural,11000003000002,1100000300010002,source-path
rural,11000003000003,1100000300010003,source-path
rural,11000004000001,1100000400010001,source-path
rural,11000004000002,1100000400010002,source-path
rural,11000004000003,1100000400010003,source-path
rural,11000005000001,1100000500010001,source-path
rural,11000005000003,1100000500010003,source-path
rural,11000005000001,1100000500020001,source-path
rural,11000005000003,1100000500020003,source-path
rural,11000005000001,1100000500030001,source-path
rural,11000005000002,1100000500030002,source-path
rural,11000005000001,1100000500040001,source-path
rural,11000005000002,1100000500040002,source-path
rural,11000006000001,1100000600030001,source-path
rural,11000006000002,1100000600030002,source-path
rural,11000006000004,1100000600030004,source-path
rural,11000006000001,1100000600040001,source-path
rural,11000006000002,1100000600040002,source-path
rural,11000007000001,1100000700010001,source-path
rural,11000007000004,1100000700010004,source-path
rural,11000007000005,1100000700010005,source-path
rural,11000007000001,1100000700020001,source-path
rural,11000007000002,1100000700020002,source-path
rural,11000008000002,1100000800010002,source-path
rural,11000008000003,1100000800010003,source-path
rural,11000008000001,1100000800020001,source-path
rural,11000008000004,1100000800020004,source-path
rural,11000008000001,1100000800030001,source-path
rural,11000008000002,1100000800030002,source-path
rural,11000009000001,1100000900020001,source-path
rural,11000009000002,1100000900020002,source-path
rural,11000009000003,1100000900020003,source-path
rural,11000009000004,1100000900020004,source-path
rural,11000010000001,1100001000020001,source-path
rural,11000010000002,1100001000020002,source-path
rural,11000010000001,1100001000030001,source-path
rural,11000010000003,1100001000030003,source-path
rural,11000010000004,1100001000030004,source-path
rural,11000010000002,1100001000040002,source-path
rural,11000010000003,1100001000040003,source-path
rural,11000010000001,1100001000050001,source-path
rural,11000010000002,1100001000050002,source-path
rural,11000011000001,1100001100010001,source-path
rural,11000011000002,1100001100010002,source-path
rural,11000011000003,1100001100010003,source-path
rural,11000012000001,1100001200010001,source-path
rural,11000012000002,1100001200010002,source-path
rural,11000012000003,1100001200010003,source-path
rural,11000012000001,1100001200030001,source-path
rural,11000012000002,1100001200030002,source-path
rural,11000013000002,1100001300010002,source-path
rural,11000013000001,1100001300030001,source-path
rural,11000013000002,1100001300030002,source-path
rural,11000013000003,1100001300030003,source-path
rural,11000013000004,1100001300030004,source-path
rural,11000014000001,1100001400020001,source-path
rural,11000014000002,1100001400020002,source-path
rural,11000014000003,1100001400020003,source-path
rural,11000014000001,1100001400030001,source-path
rural,11000014000002,1100001400030002,source-path
rural,11000015000002,1100001500010002,source-path
rural,11000015000003,1100001500010003,source-path
rural,11000015000004,1100001500010004,source-path
rural,11000015000001,1100001500020001,source-path
rural,11000015000002,1100001500020002,source-path
rural,11000016000001,1100001600020001,source-path
rural,11000016000002,1100001600020002,source-path
rural,11000016000001,1100001600030001,source-path
rural,11000016000002,1100001600030002,source-path
rural,11000017000001,1100001700010001,source-path
rural,11000017000002,1100001700010002,source-path
rural,11000017000003,1100001700010003,source-path
rural,11000017000001,1100001700020001,source-path
rural,11000017000002,1100001700020002,source-path
rural,11000018000001,1100001800010001,source-path
rural,11000018000002,1100001800010002,source-path
rural,11000018000001,1100001800020001,source-path
rural,11000019000001,1100001900010001,source-path
rural,11000019000002,1100001900010002,source-path
rural,11000019000001,1100001900020001,source-path
rural,11000019000002,1100001900020002,source-path
rural,11000020000001,1100002000010001,source-path
rural,11000020000002,1100002000010002,source-path
rural,11000020000001,1100002000020001,source-path
rural,11000020000002,1100002000020002,source-path
rural,11000021000002,1100002100010002,source-path
rural,11000021000003,1100002100010003,source-path
rural,11000021000004,1100002100010004,source-path
rural,11000022000001,1100002200010001,source-path
rural,11000022000002,1100002200010002,source-path
rural,11000022000001,1100002200020001,source-path
rural,11000022000002,1100002200020002,source-path
rural,11000023000001,1100002300010001,source-path
rural,11000023000002,1100002300010002,source-path
rural,11000023000003,1100002300010003,source-path
rural,11000024000001,1100002400010001,source-path
rural,11000024000002,1100002400010002,source-path
rural,11000024000003,1100002400010003,source-path
rural,11000024000001,1100002400020001,source-path
rural,11000024000002,1100002400020002,source-path
rural,11000025000001,1100002500010001,source-path
rural,11000025000002,1100002500010002,source-path
rural,11000025000001,1100002500020001,source-path
rural,11000025000002,1100002500020002,source-path
rural,11000026000001,1100002600010001,source-path
rural,11000026000002,1100002600010002,source-path
rural,11000026000001,1100002600020001,source-path
rural,11000026000002,1100002600020002,source-path
rural,11000027000001,1100002700010001,source-path
rural,11000027000002,1100002700010002,source-path
rural,11000027000001,1100002700020001,source-path
rural,11000027000002,1100002700020002,source-path
rural,11000028000001,1100002800010001,source-path
rural,11000028000002,1100002800010002,source-path
rural,11000028000001,1100002800020001,source-path
rural,11000028000002,1100002800020002,source-path
rural,11100001000001,1110000100010001,source-path
rural,11100001000002,1110000100010002,source-path
rural,11100001000001,1110000100050001,source-path
rural,11100001000002,1110000100050002,source-path
rural,11100001000001,1110000100060001,source-path
rural,11100001000002,1110000100060002,source-path
rural,11100002000004,1110000200020004,source-path
rural,11100002000005,1110000200020005,source-path
rural,11100002000001,1110000200040001,source-path
rural,11100002000001,1110000200050001,source-path
rural,11100002000002,1110000200050002,source-path
rural,11100003000003,1110000300010003,source-path
rural,11100003000004,1110000300010004,source-path
rural,11100003000005,1110000300010005,source-path
rural,11100003000006,1110000300010006,source-path
rural,11100003000001,1110000300030001,source-path
rural,11100003000002,1110000300030002,source-path
rural,11100003000001,1110000300040001,source-path
rural,11100003000002,1110000300040002,source-path
rural,11100004000001,1110000400040001,source-path
rural,11100004000002,1110000400040002,source-path
rural,11100004000001,1110000400050001,source-path
rural,11100004000002,1110000400050002,source-path
rural,11100005000001,1110000500010001,source-path
rural,11100005000002,1110000500010002,source-path
rural,11100005000001,1110000500030001,source-path
rural,11100005000002,1110000500030002,source-path
rural,11100005000001,1110000500040001,source-path
rural,11100005000002,1110000500040002,source-path
rural,11100006000002,1110000600040002,source-path
rural,11100006000005,1110000600040005,source-path
rural,11100006000006,1110000600040006,source-path
rural,11100006000001,1110000600050001,source-path
rural,11100006000002,1110000600050002,source-path
rural,11100006000001,1110000600060001,source-path
rural,11100006000002,1110000600060002,source-path
rural,11100007000001,1110000700010001,source-path
rural,11100007000002,1110000700010002,source-path
rural,11100007000003,1110000700010003,source-path
rural,11100007000001,1110000700050001,source-path
rural,11100007000002,1110000700050002,source-path
rural,11100007000003,1110000700050003,source-path
rural,11100007000004,1110000700050004,source-path
rural,11100007000001,1110000700060001,source-path
rural,11100007000002,1110000700060002,source-path
rural,11100008000001,1110000800010001,source-path
rural,11100008000003,1110000800010003,source-path
rural,11100008000002,1110000800030002,source-path
rural,11100008000004,1110000800030004,source-path
rural,11100008000001,1110000800050001,source-path
rural,11100008000003,1110000800050003,source-path
rural,11100009000001,1110000900020001,source-path
rural,11100009000003,1110000900020003,source-path
rural,11100009000001,1110000900030001,source-path
rural,11100009000002,1110000900030002,source-path
rural,11100010000001,1110001000010001,source-path
rural,11100010000003,1110001000010003,source-path
rural,11100010000001,1110001000020001,source-path
rural,11100010000002,1110001000020002,source-path
rural,11100010000001,1110001000030001,source-path
rural,11100010000002,1110001000030002,source-path
rural,11100011000001,1110001100010001,source-path
rural,11100011000002,1110001100010002,source-path
rural,11100011000003,1110001100010003,source-path
rural,11100011000001,1110001100020001,source-path
rural,11100011000002,1110001100020002,source-path
rural,11100012000001,1110001200010001,source-path
rural,11100012000002,1110001200010002,source-path
rural,11100012000003,1110001200010003,source-path
rural,11100012000001,1110001200020001,source-path
rural,11100012000002,1110001200020002,source-path
rural,11100012000003,1110001200020003,source-path
rural,11100013000001,1110001300010001,source-path
rural,11100013000003,1110001300010003,source-path
rural,11100013000001,1110001300020001,source-path
rural,11100013000002,1110001300020002,source-path
rural,11100013000001,1110001300030001,source-path
rural,11100013000002,1110001300030002,source-path
rural,11100014000001,1110001400010001,source-path
rural,11100014000003,1110001400010003,source-path
rural,11100014000001,1110001400020001,source-path
rural,11100014000002,1110001400020002,source-path
rural,11100014000001,1110001400030001,source-path
rural,11100014000002,1110001400030002,source-path
rural,11100015000001,1110001500010001,source-path
rural,11100015000002,1110001500010002,source-path
rural,11100015000001,1110001500020001,source-path
rural,11100015000003,1110001500020003,source-path
rural,11100015000001,1110001500030001,source-path
rural,11100015000002,1110001500030002,source-path
rural,11100016000003,1110001600010003,source-path
rural,11100016000004,1110001600010004,source-path
rural,11100016000001,1110001600020001,source-path
rural,11100016000002,1110001600020002,source-path
rural,11100017000003,1110001700010003,source-path
rural,11100017000004,1110001700010004,source-path
rural,11100017000001,1110001700020001,source-path
rural,11100017000002,1110001700020002,source-path
rural,11100017000003,1110001700020003,source-path
rural,11100017000001,1110001700030001,source-path
rural,11100017000002,1110001700030002,source-path
rural,11100018000002,1110001800010002,source-path
rural,11100018000003,1110001800010003,source-path
rural,11100018000001,1110001800020001,source-path
rural,11100018000002,1110001800020002,source-path
rural,11100018000001,1110001800030001,source-path
rural,11100018000002,1110001800030002,source-path
rural,11100019000001,1110001900010001,source-path
rural,11100019000002,1110001900010002,source-path
rural,11100019000001,1110001900020001,source-path
rural,11100019000002,1110001900020002,source-path
rural,11100020000001,1110002000010001,source-path
rural,11100020000003,1110002000010003,source-path
rural,11100020000001,1110002000020001,source-path
rural,11100020000002,1110002000020002,source-path
rural,11100021000001,1110002100010001,source-path
rural,11100021000002,1110002100010002,source-path
rural,11100021000001,1110002100020001,source-path
rural,11100021000002,1110002100020002,source-path
rural,11100021000001,1110002100030001,source-path
rural,11100021000002,1110002100030002,source-path
rural,11100022000001,1110002200010001,source-path
rural,11100022000002,1110002200010002,source-path
rural,11100022000001,1110002200020001,source-path
rural,11100022000002,1110002200020002,source-path
rural,11100023000001,1110002300010001,source-path
rural,11100023000002,1110002300010002,source-path
rural,11100023000001,1110002300020001,source-path
rural,11100023000002,1110002300020002,source-path
rural,11100023000001,1110002300030001,source-path
rural,11100023000002,1110002300030002,source-path
rural,11100023000001,1110002300040001,source-path
rural,11100023000002,1110002300040002,source-path
rural,11100024000001,1110002400010001,source-path
rural,11100024000002,1110002400010002,source-path
rural,11100024000001,1110002400020001,source-path
rural,11100024000002,1110002400020002,source-path
rural,11100025000001,1110002500010001,source-path
rural,11100025000002,1110002500010002,source-path
rural,11100025000001,1110002500020001,source-path
rural,11100025000002,1110002500020002,source-path
rural,11100026000001,1110002600010001,source-path
rural,11100026000002,1110002600010002,source-path
rural,11100026000001,1110002600020001,source-path
rural,11100026000002,1110002600020002,source-path
rural,11200001000001,1120000100010001,source-path
rural,11200001000003,1120000100010003,source-path
rural,11200001000001,1120000100020001,source-path
rural,11200001000001,1120000100030001,source-path
rural,11200001000002,1120000100030002,source-path
rural,11200001000003,1120000100030003,source-path
rural,11200001000001,1120000100040001,source-path
rural,11200001000003,1120000100040003,source-path
rural,11200002000001,1120000200010001,source-path
rural,11200002000002,1120000200010002,source-path
rural,11200002000003,1120000200010003,source-path
rural,11200002000001,1120000200020001,source-path
rural,11200002000002,1120000200020002,source-path
rural,11200002000003,1120000200020003,source-path
rural,11200002000001,1120000200030001,source-path
rural,11200002000002,1120000200030002,source-path
rural,11200002000004,1120000200030004,source-path
rural,11200002000005,1120000200030005,source-path
rural,11200002000006,1120000200030006,source-path
rural,11200003000004,1120000300010004,source-path
rural,11200003000005,1120000300010005,source-path
rural,11200003000001,1120000300020001,source-path
rural,11200003000002,1120000300020002,source-path
rural,11200003000003,1120000300020003,source-path
rural,11200003000006,1120000300020006,source-path
rural,11200003000001,1120000300030001,source-path
rural,11200003000002,1120000300030002,source-path
rural,11200003000001,1120000300040001,source-path
rural,11200003000002,1120000300040002,source-path
rural,11200003000003,1120000300040003,source-path
rural,11200004000001,1120000400030001,source-path
rural,11200004000002,1120000400030002,source-path
rural,11200004000004,1120000400030004,source-path
rural,11200004000006,1120000400030006,source-path
rural,11200004000007,1120000400030007,source-path
rural,11200004000001,1120000400040001,source-path
rural,11200004000002,1120000400040002,source-path
rural,11200004000003,1120000400040003,source-path
rural,11200004000001,1120000400050001,source-path
rural,11200004000002,1120000400050002,source-path
rural,11200004000001,1120000400060001,source-path
rural,11200004000002,1120000400060002,source-path
rural,11200005000001,1120000500020001,source-path
rural,11200005000002,1120000500020002,source-path
rural,11200005000003,1120000500020003,source-path
rural,11200005000001,1120000500030001,source-path
rural,11200005000002,1120000500030002,source-path
rural,11200005000003,1120000500030003,source-path
rural,11200005000001,1120000500040001,source-path
rural,11200005000002,1120000500040002,source-path
rural,11200005000001,1120000500050001,source-path
rural,11200005000002,1120000500050002,source-path
rural,11200006000001,1120000600010001,source-path
rural,11200006000001,1120000600020001,source-path
rural,11200006000002,1120000600020002,source-path
rural,11200006000001,1120000600030001,source-path
rural,11200006000002,1120000600030002,source-path
rural,11200006000003,1120000600030003,source-path
rural,11200007000001,1120000700010001,source-path
rural,11200007000002,1120000700010002,source-path
rural,11200007000003,1120000700010003,source-path
rural,11200007000001,1120000700020001,source-path
rural,11200007000003,1120000700020003,source-path
rural,11200007000005,1120000700020005,source-path
rural,11200007000002,1120000700030002,source-path
rural,11200007000003,1120000700030003,source-path
rural,11200008000001,1120000800010001,source-path
rural,11200008000002,1120000800010002,source-path
rural,11200008000003,1120000800010003,source-path
rural,11200008000001,1120000800020001,source-path
rural,11200008000002,1120000800020002,source-path
rural,11200008000003,1120000800020003,source-path
rural,11200008000004,1120000800020004,source-path
rural,11200009000001,1120000900010001,source-path
rural,11200009000002,1120000900010002,source-path
rural,11200009000002,1120000900020002,source-path
rural,11200009000003,1120000900020003,source-path
rural,11200009000004,1120000900020004,source-path
rural,11200009000005,1120000900020005,source-path
rural,11200009000006,1120000900020006,source-path
rural,11200009000007,1120000900020007,source-path
rural,11200010000001,1120001000010001,source-path
rural,11200010000002,1120001000010002,source-path
rural,11200010000003,1120001000010003,source-path
rural,11200010000001,1120001000020001,source-path
rural,11200010000002,1120001000020002,source-path
rural,11300001000001,1130000100010001,source-path
rural,11300001000002,1130000100010002,source-path
rural,11300001000003,1130000100010003,source-path
rural,11300001000001,1130000100020001,source-path
rural,11300001000002,1130000100020002,source-path
rural,11300001000003,1130000100020003,source-path
rural,11300001000004,1130000100020004,source-path
rural,11300002000001,1130000200010001,source-path
rural,11300002000003,1130000200010003,source-path
rural,11300002000004,1130000200010004,source-path
rural,11300002000001,1130000200020001,source-path
rural,11300002000002,1130000200020002,source-path
rural,11300002000003,1130000200020003,source-path
rural,11300002000004,1130000200020004,source-path
rural,11300002000001,1130000200030001,source-path
rural,11300002000002,1130000200030002,source-path
rural,11300002000006,1130000200030006,source-path
rural,11300002000007,1130000200030007,source-path
rural,11300002000008,1130000200030008,source-path
rural,11300002000001,1130000200040001,source-path
rural,11300002000002,1130000200040002,source-path
rural,11300002000003,1130000200040003,source-path
rural,11300003000001,1130000300010001,source-path
rural,11300003000002,1130000300010002,source-path
rural,11300003000001,1130000300020001,source-path
rural,11300003000002,1130000300020002,source-path
rural,11300003000005,1130000300020005,source-path
rural,11300003000001,1130000300030001,source-path
rural,11300003000002,1130000300030002,source-path
rural,11300003000001,1130000300040001,source-path
rural,11300003000002,1130000300040002,source-path
rural,11300004000001,1130000400050001,source-path
rural,11300004000002,1130000400050002,source-path
rural,11300004000003,1130000400050003,source-path
rural,11300004000001,1130000400070001,source-path
rural,11300004000002,1130000400070002,source-path
rural,11300004000003,1130000400070003,source-path
rural,11300004000004,1130000400070004,source-path
rural,11300004000005,1130000400070005,source-path
rural,11300004000006,1130000400070006,source-path
rural,11300005000001,1130000500010001,source-path
rural,11300005000002,1130000500010002,source-path
rural,11300005000003,1130000500010003,source-path
rural,11300005000001,1130000500020001,source-path
rural,11300005000002,1130000500020002,source-path
rural,11300005000003,1130000500020003,source-path
rural,11300005000005,1130000500020005,source-path
rural,11300005000007,1130000500020007,source-path
rural,11300005000001,1130000500030001,source-path
rural,11300005000002,1130000500030002,source-path
rural,11300006000003,1130000600010003,source-path
rural,11300006000004,1130000600010004,source-path
rural,11300006000005,1130000600010005,source-path
rural,11300006000006,1130000600010006,source-path
rural,11300006000001,1130000600020001,source-path
rural,11300006000002,1130000600020002,source-path
rural,11300007000001,1130000700010001,source-path
rural,11300007000002,1130000700010002,source-path
rural,11300007000002,1130000700020002,source-path
rural,11300007000004,1130000700020004,source-path
rural,11300007000001,1130000700030001,source-path
rural,11300007000002,1130000700030002,source-path
rural,11300008000002,1130000800010002,source-path
rural,11300008000003,1130000800010003,source-path
rural,11300008000001,1130000800030001,source-path
rural,11300008000002,1130000800030002,source-path
rural,11300008000001,1130000800040001,source-path
rural,11300008000002,1130000800040002,source-path
rural,11300009000001,1130000900010001,source-path
rural,11300009000002,1130000900010002,source-path
rural,11300009000001,1130000900020001,source-path
rural,11300009000002,1130000900020002,source-path
rural,11300010000001,1130001000010001,source-path
rural,11300010000002,1130001000010002,source-path
rural,11300010000001,1130001000020001,source-path
rural,11300010000002,1130001000020002,source-path
rural,11400001000002,1140000100020002,source-path
rural,11400001000003,1140000100020003,source-path
rural,11400001000001,1140000100030001,source-path
rural,11400001000001,1140000100040001,source-path
rural,11400001000002,1140000100040002,source-path
rural,11400002000001,1140000200020001,source-path
rural,11400002000003,1140000200020003,source-path
rural,11400002000001,1140000200050001,source-path
rural,11400002000002,1140000200050002,source-path
rural,11400003000002,1140000300020002,source-path
rural,11400003000001,1140000300030001,source-path
rural,11400003000002,1140000300030002,source-path
rural,11400003000001,1140000300040001,source-path
rural,11400003000002,1140000300040002,source-path
rural,11400004000004,1140000400020004,source-path
rural,11400004000007,1140000400020007,source-path
rural,11400004000001,1140000400040001,source-path
rural,11400004000002,1140000400040002,source-path
rural,11400004000001,1140000400050001,source-path
rural,11400004000002,1140000400050002,source-path
rural,11400005000001,1140000500010001,source-path
rural,11400005000003,1140000500010003,source-path
rural,11400005000001,1140000500020001,source-path
rural,11400005000002,1140000500020002,source-path
rural,11400006000001,1140000600010001,source-path
rural,11400006000003,1140000600010003,source-path
rural,11400006000001,1140000600020001,source-path
rural,11400006000002,1140000600020002,source-path
rural,11400006000003,1140000600020003,source-path
rural,11400006000001,1140000600030001,source-path
rural,11400006000002,1140000600030002,source-path
rural,11400007000002,1140000700010002,source-path
rural,11400007000003,1140000700010003,source-path
rural,11400007000001,1140000700020001,source-path
rural,11400007000002,1140000700020002,source-path
rural,11400007000001,1140000700030001,source-path
rural,11400007000002,1140000700030002,source-path
rural,11400008000001,1140000800010001,source-path
rural,11400008000002,1140000800010002,source-path
rural,11400008000001,1140000800020001,source-path
rural,11400008000002,1140000800020002,source-path
rural,11400009000001,1140000900010001,source-path
rural,11400009000002,1140000900010002,source-path
rural,11400009000001,1140000900020001,source-path
rural,11400009000002,1140000900020002,source-path
rural,11400010000001,1140001000010001,source-path
rural,11400010000002,1140001000010002,source-path
rural,11400010000001,1140001000020001,source-path
rural,11400010000002,1140001000020002,source-path
rural,11400011000001,1140001100010001,source-path
rural,11400011000002,1140001100010002,source-path
rural,11400011000001,1140001100020001,source-path
rural,11400011000002,1140001100020002,source-path
rural,11400012000001,1140001200010001,source-path
rural,11400012000001,1140001200020001,source-path
rural,11400012000002,1140001200020002,source-path
rural,11500001000001,1150000100020001,source-path
rural,11500001000002,1150000100020002,source-path
rural,11500001000003,1150000100020003,source-path
rural,11500001000003,1150000100030003,source-path
rural,11500001000005,1150000100030005,source-path
rural,11500001000001,1150000100040001,source-path
rural,11500001000002,1150000100040002,source-path
rural,11500001000003,1150000100040003,source-path
rural,11500001000001,1150000100050001,source-path
rural,11500001000002,1150000100050002,source-path
rural,11500001000001,1150000100060001,source-path
rural,11500001000002,1150000100060002,source-path
rural,11500002000001,1150000200010001,source-path
rural,11500002000002,1150000200010002,source-path
rural,11500002000003,1150000200010003,source-path
rural,11500002000001,1150000200020001,source-path
rural,11500002000003,1150000200020003,source-path
rural,11500002000004,1150000200020004,source-path
rural,11500002000001,1150000200030001,source-path
rural,11500002000002,1150000200030002,source-path
rural,11500003000001,1150000300020001,source-path
rural,11500003000002,1150000300020002,source-path
rural,11500003000004,1150000300020004,source-path
rural,11500003000005,1150000300020005,source-path
rural,11500003000006,1150000300020006,source-path
rural,11500003000001,1150000300030001,source-path
rural,11500003000002,1150000300030002,source-path
rural,11500003000001,1150000300050001,source-path
rural,11500003000002,1150000300050002,source-path
rural,11500003000003,1150000300050003,source-path
rural,11500003000001,1150000300060001,source-path
rural,11500003000002,1150000300060002,source-path
rural,11500003000003,1150000300060003,source-path
rural,11500003000004,1150000300060004,source-path
rural,11500003000005,1150000300060005,source-path
rural,11500003000006,1150000300060006,source-path
rural,11500003000007,1150000300060007,source-path
rural,11500004000003,1150000400010003,source-path
rural,11500004000004,1150000400010004,source-path
rural,11500004000005,1150000400020005,source-path
rural,11500004000006,1150000400020006,source-path
rural,11500004000001,1150000400030001,source-path
rural,11500004000002,1150000400030002,source-path
rural,11500004000001,1150000400040001,source-path
rural,11500004000002,1150000400040002,source-path
rural,11500004000001,1150000400050001,source-path
rural,11500004000002,1150000400050002,source-path
rural,11500005000001,1150000500010001,source-path
rural,11500005000002,1150000500010002,source-path
rural,11500005000001,1150000500020001,source-path
rural,11500005000002,1150000500020002,source-path
rural,11500005000003,1150000500020003,source-path
rural,11500006000002,1150000600020002,source-path
rural,11500006000003,1150000600020003,source-path
rural,11500006000001,1150000600030001,source-path
rural,11500006000002,1150000600030002,source-path
rural,11500006000003,1150000600030003,source-path
rural,11500006000001,1150000600040001,source-path
rural,11500006000002,1150000600040002,source-path
rural,11500006000001,1150000600050001,source-path
rural,11500006000002,1150000600050002,source-path
rural,11500007000001,1150000700010001,source-path
rural,11500007000002,1150000700010002,source-path
rural,11500007000001,1150000700020001,source-path
rural,11500007000002,1150000700020002,source-path
rural,11500008000001,1150000800010001,source-path
rural,11500008000003,1150000800010003,source-path
rural,11500008000004,1150000800010004,source-path
rural,11500008000001,1150000800030001,source-path
rural,11500008000002,1150000800030002,source-path
rural,11500009000001,1150000900010001,source-path
rural,11500009000002,1150000900010002,source-path
rural,11500009000001,1150000900020001,source-path
rural,11500009000002,1150000900020002,source-path
rural,11500009000003,1150000900020003,source-path
rural,11500009000004,1150000900020004,source-path
rural,11500010000001,1150001000010001,source-path
rural,11500010000002,1150001000010002,source-path
rural,11500010000001,1150001000020001,source-path
rural,11500010000002,1150001000020002,source-path
rural,11500010000001,1150001000030001,source-path
rural,11500010000002,1150001000030002,source-path
rural,11500011000001,1150001100010001,source-path
rural,11500011000002,1150001100010002,source-path
rural,11500011000001,1150001100020001,source-path
rural,11500011000002,1150001100020002,source-path
rural,11500012000001,1150001200010001,source-path
rural,11500012000002,1150001200010002,source-path
rural,11500012000001,1150001200020001,source-path
rural,11500012000002,1150001200020002,source-path
rural,11600001000001,1160000100030001,source-path
rural,11600001000003,1160000100030003,source-path
rural,11600001000001,1160000100040001,source-path
rural,11600001000003,1160000100040003,source-path
rural,11600002000001,1160000200030001,source-path
rural,11600002000002,1160000200030002,source-path
rural,11600002000001,1160000200040001,source-path
rural,11600002000002,1160000200040002,source-path
rural,11600003000001,1160000300010001,source-path
rural,11600003000002,1160000300010002,source-path
rural,11600003000001,1160000300020001,source-path
rural,11600003000003,1160000300030003,source-path
rural,11600003000004,1160000300030004,source-path
rural,11600003000001,1160000300040001,source-path
rural,11600003000002,1160000300040002,source-path
rural,11600003000001,1160000300050001,source-path
rural,11600003000002,1160000300050002,source-path
rural,11600004000002,1160000400020002,source-path
rural,11600004000001,1160000400040001,source-path
rural,11600004000002,1160000400040002,source-path
rural,11600004000001,1160000400050001,source-path
rural,11600004000002,1160000400050002,source-path
rural,11600004000001,1160000400060001,source-path
rural,11600004000002,1160000400060002,source-path
rural,11600005000001,1160000500020001,source-path
rural,11600005000001,1160000500030001,source-path
rural,11600006000002,1160000600010002,source-path
rural,11600006000003,1160000600010003,source-path
rural,11600006000002,1160000600020002,source-path
rural,11600006000003,1160000600020003,source-path
rural,11600006000001,1160000600030001,source-path
rural,11600006000002,1160000600030002,source-path
rural,11600007000001,1160000700010001,source-path
rural,11600007000002,1160000700010002,source-path
rural,11600007000001,1160000700020001,source-path
rural,11600007000002,1160000700020002,source-path
rural,11600008000001,1160000800010001,source-path
rural,11600008000002,1160000800010002,source-path
rural,11600008000001,1160000800020001,source-path
rural,11600008000002,1160000800020002,source-path
rural,11600009000001,1160000900010001,source-path
rural,11600009000002,1160000900010002,source-path
rural,11600009000001,1160000900020001,source-path
rural,11600009000002,1160000900020002,source-path
rural,11600010000001,1160001000010001,source-path
rural,11600010000002,1160001000010002,source-path
rural,11600010000003,1160001000010003,source-path
rural,11600010000001,1160001000020001,source-path
rural,11600010000002,1160001000020002,source-path
rural,11600011000001,1160001100010001,source-path
rural,11600011000002,1160001100010002,source-path
rural,11600011000001,1160001100020001,source-path
rural,11600011000002,1160001100020002,source-path
rural,11600012000001,1160001200010001,source-path
rural,11600012000002,1160001200010002,source-path
rural,11600012000001,1160001200020001,source-path
rural,11600012000002,1160001200020002,source-path
rural,11700001000001,1170000100030001,source-path
rural,11700001000003,1170000100030003,source-path
rural,11700001000004,1170000100030004,source-path
rural,11700001000005,1170000100030005,source-path
rural,11700001000001,1170000100040001,source-path
rural,11700001000002,1170000100040002,source-path
rural,11700001000001,1170000100050001,source-path
rural,11700001000002,1170000100050002,source-path
rural,11700001000001,1170000100060001,source-path
rural,11700001000002,1170000100060002,source-path
rural,11700002000003,1170000200020003,source-path
rural,11700002000004,1170000200020004,source-path
rural,11700002000002,1170000200050002,source-path
rural,11700002000003,1170000200050003,source-path
rural,11700002000004,1170000200050004,source-path
rural,11700002000001,1170000200060001,source-path
rural,11700002000002,1170000200060002,source-path
rural,11700002000003,1170000200060003,source-path
rural,11700002000001,1170000200070001,source-path
rural,11700002000002,1170000200070002,source-path
rural,11700003000001,1170000300020001,source-path
rural,11700003000002,1170000300020002,source-path
rural,11700003000003,1170000300020003,source-path
rural,11700003000004,1170000300020004,source-path
rural,11700004000001,1170000400010001,source-path
rural,11700004000002,1170000400010002,source-path
rural,11700004000001,1170000400030001,source-path
rural,11700004000002,1170000400030002,source-path
rural,11700005000002,1170000500010002,source-path
rural,11700005000003,1170000500010003,source-path
rural,11700005000001,1170000500020001,source-path
rural,11700005000002,1170000500020002,source-path
rural,11700005000001,1170000500030001,source-path
rural,11700005000002,1170000500030002,source-path
rural,11700006000001,1170000600010001,source-path
rural,11700006000002,1170000600010002,source-path
rural,11700006000001,1170000600020001,source-path
rural,11700006000002,1170000600020002,source-path
rural,11700007000001,1170000700010001,source-path
rural,11700007000002,1170000700010002,source-path
rural,11700007000001,1170000700020001,source-path
rural,11700007000002,1170000700020002,source-path
rural,11700008000001,1170000800010001,source-path
rural,11700008000002,1170000800010002,source-path
rural,11700008000001,1170000800020001,source-path
rural,11700008000002,1170000800020002,source-path
rural,11700009000002,1170000900010002,source-path
rural,11700009000003,1170000900010003,source-path
rural,11700009000001,1170000900020001,source-path
rural,11700009000002,1170000900020002,source-path
rural,11800001000001,1180000100020001,source-path
rural,11800001000002,1180000100020002,source-path
rural,11800001000001,1180000100030001,source-path
rural,11800001000002,1180000100030002,source-path
rural,11800002000001,1180000200010001,source-path
rural,11800002000002,1180000200010002,source-path
rural,11800002000001,1180000200020001,source-path
rural,11800002000002,1180000200020002,source-path
rural,11800003000001,1180000300010001,source-path
rural,11800003000002,1180000300010002,source-path
rural,11800003000002,1180000300020002,source-path
rural,11800003000003,1180000300030003,source-path
rural,11800003000004,1180000300030004,source-path
rural,11800003000005,1180000300030005,source-path
rural,11800003000001,1180000300040001,source-path
rural,11800003000002,1180000300040002,source-path
rural,11800003000001,1180000300050001,source-path
rural,11800003000002,1180000300050002,source-path
rural,11800003000001,1180000300060001,source-path
rural,11800003000002,1180000300060002,source-path
rural,11800004000001,1180000400010001,source-path
rural,11800004000002,1180000400010002,source-path
rural,11800004000003,1180000400010003,source-path
rural,11800004000001,1180000400020001,source-path
rural,11800004000003,1180000400020003,source-path
rural,11800004000001,1180000400030001,source-path
rural,11800004000002,1180000400030002,source-path
rural,11800005000001,1180000500010001,source-path
rural,11800005000003,1180000500010003,source-path
rural,11800005000002,1180000500020002,source-path
rural,11800005000003,1180000500020003,source-path
rural,11800005000001,1180000500030001,source-path
rural,11800005000002,1180000500030002,source-path
rural,11800006000004,1180000600020004,source-path
rural,11800006000005,1180000600020005,source-path
rural,11800006000001,1180000600030001,source-path
rural,11800006000002,1180000600030002,source-path
rural,11800007000001,1180000700020001,source-path
rural,11800007000001,1180000700030001,source-path
rural,11800008000001,1180000800010001,source-path
rural,11800008000002,1180000800010002,source-path
rural,11800008000001,1180000800020001,source-path
rural,11800008000002,1180000800020002,source-path
rural,11800009000001,1180000900010001,source-path
rural,11800009000002,1180000900010002,source-path
rural,11800009000003,1180000900010003,source-path
rural,11800009000001,1180000900020001,source-path
rural,11800009000002,1180000900020002,source-path
rural,11800010000001,1180001000010001,source-path
rural,11800010000002,1180001000010002,source-path
rural,11800010000001,1180001000020001,source-path
rural,11800010000002,1180001000020002,source-path
rural,11900001000001,1190000100030001,source-path
rural,11900001000002,1190000100030002,source-path
rural,11900001000003,1190000100030003,source-path
rural,11900001000004,1190000100030004,source-path
rural,11900001000005,1190000100030005,source-path
rural,11900003000001,1190000300010001,source-path
rural,11900003000002,1190000300010002,source-path
rural,11900003000001,1190000300020001,source-path
rural,11900003000002,1190000300020002,source-path
rural,11900003000003,1190000300030003,source-path
rural,11900003000005,1190000300030005,source-path
rural,11900003000006,1190000300030006,source-path
rural,11900003000001,1190000300040001,source-path
rural,11900003000002,1190000300040002,source-path
rural,11900003000001,1190000300050001,source-path
rural,11900003000002,1190000300050002,source-path
rural,11900004000001,1190000400020001,source-path
rural,11900004000003,1190000400020003,source-path
rural,11900004000004,1190000400020004,source-path
rural,11900004000005,1190000400020005,source-path
rural,11900004000003,1190000400050003,source-path
rural,11900004000004,1190000400050004,source-path
rural,11900004000005,1190000400050005,source-path
rural,11900004000006,1190000400050006,source-path
rural,11900004000010,1190000400050010,source-path
rural,11900004000011,1190000400050011,source-path
rural,11900004000001,1190000400060001,source-path
rural,11900004000002,1190000400060002,source-path
rural,11900004000003,1190000400060003,source-path
rural,11900006000001,1190000600010001,source-path
rural,11900006000001,1190000600020001,source-path
rural,11900006000002,1190000600020002,source-path
rural,11900006000003,1190000600020003,source-path
rural,11900007000001,1190000700010001,source-path
rural,11900007000002,1190000700010002,source-path
rural,11900008000001,1190000800010001,source-path
rural,11900008000002,1190000800010002,source-path
rural,11900008000001,1190000800020001,source-path
rural,11900008000002,1190000800020002,source-path
rural,11900008000001,1190000800030001,source-path
rural,11900008000002,1190000800030002,source-path
rural,11900009000001,1190000900010001,source-path
rural,11900009000002,1190000900010002,source-path
rural,11900009000001,1190000900020001,source-path
rural,11900009000004,1190000900020004,source-path
rural,11900009000005,1190000900020005,source-path
rural,11900010000001,1190001000010001,source-path
rural,11900010000002,1190001000010002,source-path
rural,11900010000001,1190001000020001,source-path
rural,11900010000002,1190001000020002,source-path
rural,12000001000001,1200000100010001,source-path
rural,12000001000002,1200000100010002,source-path
rural,12000001000003,1200000100010003,source-path
rural,12000001000001,1200000100020001,source-path
rural,12000001000002,1200000100020002,source-path
rural,12000001000003,1200000100020003,source-path
rural,12000002000001,1200000200010001,source-path
rural,12000003000001,1200000300010001,source-path
rural,12000003000002,1200000300010002,source-path
rural,12000003000001,1200000300020001,source-path
rural,12000003000002,1200000300020002,source-path
rural,12000003000001,1200000300030001,source-path
rural,12000003000002,1200000300030002,source-path
rural,12000003000003,1200000300030003,source-path
rural,12000004000002,1200000400010002,source-path
rural,12000004000001,1200000400020001,source-path
rural,12000004000004,1200000400020004,source-path
rural,12000005000001,1200000500010001,source-path
rural,12000005000002,1200000500010002,source-path
rural,12000005000001,1200000500020001,source-path
rural,12000006000001,1200000600010001,source-path
rural,12000006000002,1200000600010002,source-path
rural,12000006000001,1200000600020001,source-path
rural,12000006000002,1200000600020002,source-path
rural,12000007000001,1200000700010001,source-path
rural,12000007000002,1200000700010002,source-path
rural,12000007000003,1200000700010003,source-path
rural,12000007000001,1200000700020001,source-path
rural,12000007000002,1200000700020002,source-path
rural,12000008000001,1200000800010001,source-path
rural,12000008000002,1200000800010002,source-path
rural,12100001000002,1210000100010002,source-path
rural,12100001000003,1210000100010003,source-path
rural,12100001000002,1210000100020002,source-path
rural,12100001000001,1210000100030001,source-path
rural,12100001000002,1210000100030002,source-path
rural,12100002000001,1210000200020001,source-path
rural,12100002000002,1210000200020002,source-path
rural,12100002000003,1210000200020003,source-path
rural,12100003000001,1210000300020001,source-path
rural,12100003000002,1210000300020002,source-path
rural,12100003000003,1210000300020003,source-path
rural,12100003000004,1210000300020004,source-path
rural,12100003000005,1210000300020005,source-path
rural,12100003000001,1210000300030001,source-path
rural,12100003000002,1210000300030002,source-path
rural,12100003000004,1210000300030004,source-path
rural,12100003000001,1210000300040001,source-path
rural,12100003000002,1210000300040002,source-path
rural,12100004000001,1210000400010001,source-path
rural,12100004000002,1210000400010002,source-path
rural,12100004000003,1210000400010003,source-path
rural,12100004000004,1210000400010004,source-path
rural,12100004000005,1210000400010005,source-path
rural,12100005000002,1210000500030002,source-path
rural,12100005000003,1210000500030003,source-path
rural,12100005000001,1210000500050001,source-path
rural,12100005000002,1210000500050002,source-path
rural,12100006000002,1210000600010002,source-path
rural,12100006000001,1210000600020001,source-path
rural,12100006000002,1210000600020002,source-path
rural,12100006000001,1210000600030001,source-path
rural,12100006000002,1210000600030002,source-path
rural,12100007000001,1210000700010001,source-path
rural,12100007000002,1210000700010002,source-path
rural,12100007000001,1210000700020001,source-path
rural,12100007000002,1210000700020002,source-path
rural,12100008000001,1210000800010001,source-path
rural,12100008000001,1210000800020001,source-path
rural,12100009000002,1210000900010002,source-path
rural,12100009000001,1210000900030001,source-path
rural,12100009000002,1210000900030002,source-path
rural,12100011000001,1210001100010001,source-path
rural,12100011000002,1210001100010002,source-path
rural,12100011000001,1210001100020001,source-path
rural,12100012000001,1210001200010001,source-path
rural,12100012000002,1210001200010002,source-path
rural,12100012000001,1210001200020001,source-path
rural,12100012000002,1210001200020002,source-path
rural,12100013000001,1210001300010001,source-path
rural,12100013000001,1210001300020001,source-path
rural,12100013000002,1210001300020002,source-path
rural,12200001000001,1220000100010001,source-path
rural,12200001000003,1220000100020003,source-path
rural,12200002000002,1220000200030002,source-path
rural,12200002000003,1220000200030003,source-path
rural,12200002000001,1220000200040001,source-path
rural,12200002000002,1220000200040002,source-path
rural,12200002000005,1220000200040005,source-path
rural,12200002000007,1220000200040007,source-path
rural,12200002000008,1220000200040008,source-path
rural,12200002000001,1220000200050001,source-path
rural,12200002000003,1220000200050003,source-path
rural,12200002000002,1220000200060002,source-path
rural,12200002000003,1220000200060003,source-path
rural,12200002000001,1220000200080001,source-path
rural,12200002000002,1220000200080002,source-path
rural,12200003000001,1220000300020001,source-path
rural,12200003000002,1220000300020002,source-path
rural,12200003000002,1220000300030002,source-path
rural,12200003000003,1220000300030003,source-path
rural,12200003000001,1220000300050001,source-path
rural,12200003000003,1220000300050003,source-path
rural,12200003000001,1220000300060001,source-path
rural,12200003000002,1220000300060002,source-path
rural,12200004000002,1220000400010002,source-path
rural,12200004000004,1220000400010004,source-path
rural,12200004000001,1220000400020001,source-path
rural,12200004000002,1220000400020002,source-path
rural,12200004000003,1220000400020003,source-path
rural,12200004000001,1220000400040001,source-path
rural,12200004000002,1220000400040002,source-path
rural,12200005000001,1220000500020001,source-path
rural,12200005000002,1220000500020002,source-path
rural,12200005000003,1220000500020003,source-path
rural,12200005000003,1220000500030003,source-path
rural,12200005000005,1220000500030005,source-path
rural,12200005000001,1220000500040001,source-path
rural,12200005000002,1220000500040002,source-path
rural,12200005000001,1220000500050001,source-path
rural,12200005000002,1220000500050002,source-path
rural,12200005000001,1220000500060001,source-path
rural,12200005000002,1220000500060002,source-path
rural,12200005000001,1220000500070001,source-path
rural,12200005000002,1220000500070002,source-path
rural,12200006000001,1220000600020001,source-path
rural,12200006000003,1220000600020003,source-path
rural,12200006000004,1220000600020004,source-path
rural,12200006000001,1220000600030001,source-path
rural,12200006000002,1220000600030002,source-path
rural,12200007000001,1220000700010001,source-path
rural,12200007000002,1220000700010002,source-path
rural,12200007000003,1220000700010003,source-path
rural,12200007000001,1220000700020001,source-path
rural,12200007000003,1220000700020003,source-path
rural,12200007000006,1220000700020006,source-path
rural,12200007000007,1220000700020007,source-path
rural,12200007000001,1220000700030001,source-path
rural,12200007000002,1220000700030002,source-path
rural,12200007000001,1220000700040001,source-path
rural,12200007000003,1220000700040003,source-path
rural,12200008000002,1220000800010002,source-path
rural,12200008000003,1220000800010003,source-path
rural,12200008000001,1220000800020001,source-path
rural,12200008000002,1220000800020002,source-path
rural,12200008000001,1220000800030001,source-path
rural,12200008000002,1220000800030002,source-path
rural,12200009000001,1220000900010001,source-path
rural,12200009000002,1220000900010002,source-path
rural,12200009000001,1220000900020001,source-path
rural,12200009000002,1220000900020002,source-path
rural,12200009000003,1220000900020003,source-path
rural,12200009000001,1220000900030001,source-path
rural,12200009000002,1220000900030002,source-path
rural,12200010000001,1220001000010001,source-path
rural,12200010000002,1220001000010002,source-path
rural,12200010000001,1220001000020001,source-path
rural,12200010000003,1220001000020003,source-path
rural,12200010000001,1220001000030001,source-path
rural,12200010000002,1220001000030002,source-path
rural,12200011000001,1220001100010001,source-path
rural,12200011000002,1220001100010002,source-path
rural,12200011000001,1220001100020001,source-path
rural,12200011000002,1220001100020002,source-path
rural,12200012000001,1220001200010001,source-path
rural,12200012000002,1220001200010002,source-path
rural,12200012000001,1220001200020001,source-path
rural,12200012000002,1220001200020002,source-path
rural,12200013000001,1220001300010001,source-path
rural,12200013000002,1220001300010002,source-path
rural,12200013000001,1220001300020001,source-path
rural,12200013000002,1220001300020002,source-path
rural,12200013000001,1220001300030001,source-path
rural,12200013000002,1220001300030002,source-path
rural,12300001000001,1230000100010001,source-path
rural,12300001000001,1230000100020001,source-path
rural,12300001000001,1230000100030001,source-path
rural,12300001000002,1230000100030002,source-path
rural,12300002000001,1230000200020001,source-path
rural,12300002000003,1230000200020003,source-path
rural,12300002000004,1230000200020004,source-path
rural,12300002000001,1230000200030001,source-path
rural,12300002000002,1230000200030002,source-path
rural,12300003000001,1230000300020001,source-path
rural,12300003000003,1230000300020003,source-path
rural,12300003000002,1230000300030002,source-path
rural,12300003000002,1230000300040002,source-path
rural,12300003000003,1230000300040003,source-path
rural,12300003000001,1230000300050001,source-path
rural,12300003000002,1230000300050002,source-path
rural,12300003000001,1230000300060001,source-path
rural,12300003000002,1230000300060002,source-path
rural,12300004000001,1230000400010001,source-path
rural,12300004000001,1230000400020001,source-path
rural,12300004000002,1230000400020002,source-path
rural,12300006000001,1230000600020001,source-path
rural,12300006000002,1230000600020002,source-path
rural,12300006000001,1230000600030001,source-path
rural,12300006000003,1230000600030003,source-path
rural,12300009000004,1230000900020004,source-path
rural,12300009000006,1230000900020006,source-path
rural,12300009000008,1230000900020008,source-path
rural,12300009000009,1230000900020009,source-path
rural,12300009000001,1230000900030001,source-path
rural,12300009000002,1230000900030002,source-path
rural,12300010000001,1230001000010001,source-path
rural,12300010000002,1230001000010002,source-path
rural,12300010000001,1230001000020001,source-path
rural,12300010000004,1230001000020004,source-path
rural,12300010000001,1230001000030001,source-path
rural,12300010000002,1230001000030002,source-path
rural,12300012000001,1230001200020001,source-path
rural,12300012000002,1230001200020002,source-path
rural,12300012000003,1230001200020003,source-path
rural,12300013000001,1230001300010001,source-path
rural,12300013000002,1230001300010002,source-path
rural,12300013000003,1230001300010003,source-path
rural,12300013000001,1230001300020001,source-path
rural,12300013000002,1230001300020002,source-path
rural,12300013000003,1230001300020003,source-path
rural,12300014000002,1230001400010002,source-path
rural,12300014000003,1230001400010003,source-path
rural,12300014000001,1230001400020001,source-path
rural,12300014000002,1230001400020002,source-path
rural,12300014000003,1230001400020003,source-path
rural,12300016000001,1230001600010001,source-path
rural,12300016000002,1230001600010002,source-path
rural,12300017000001,1230001700010001,source-path
rural,12300017000002,1230001700010002,source-path
rural,12300017000001,1230001700020001,source-path
rural,12300017000002,1230001700020002,source-path
rural,12300018000001,1230001800010001,source-path
rural,12300018000002,1230001800010002,source-path
rural,12300018000001,1230001800020001,source-path
rural,12300018000002,1230001800020002,source-path
rural,12300019000001,1230001900010001,source-path
rural,12300019000002,1230001900010002,source-path
rural,12300019000001,1230001900020001,source-path
rural,12300019000002,1230001900020002,source-path
rural,12300020000001,1230002000010001,source-path
rural,12300020000003,1230002000010003,source-path
rural,12300020000001,1230002000020001,source-path
rural,12300020000002,1230002000020002,source-path
rural,12300020000001,1230002000030001,source-path
rural,12300020000002,1230002000030002,source-path
rural,12300021000001,1230002100010001,source-path
rural,12300021000002,1230002100010002,source-path
rural,12400001000001,1240000100010001,source-path
rural,12400001000002,1240000100010002,source-path
rural,12400001000004,1240000100010004,source-path
rural,12400001000005,1240000100010005,source-path
rural,12400001000007,1240000100010007,source-path
rural,12400001000001,1240000100040001,source-path
rural,12400001000002,1240000100040002,source-path
rural,12400001000003,1240000100040003,source-path
rural,12400001000001,1240000100060001,source-path
rural,12400001000002,1240000100060002,source-path
rural,12400002000001,1240000200010001,source-path
rural,12400002000004,1240000200010004,source-path
rural,12400002000001,1240000200020001,source-path
rural,12400002000002,1240000200020002,source-path
rural,12400003000001,1240000300010001,source-path
rural,12400003000002,1240000300010002,source-path
rural,12400003000001,1240000300030001,source-path
rural,12400003000002,1240000300030002,source-path
rural,12400003000003,1240000300030003,source-path
rural,12400003000001,1240000300040001,source-path
rural,12400003000002,1240000300040002,source-path
rural,12400003000003,1240000300040003,source-path
rural,12400004000001,1240000400010001,source-path
rural,12400004000003,1240000400010003,source-path
rural,12400004000001,1240000400020001,source-path
rural,12400004000005,1240000400020005,source-path
rural,12400004000001,1240000400030001,source-path
rural,12400004000002,1240000400030002,source-path
rural,12400004000003,1240000400030003,source-path
rural,12400004000001,1240000400040001,source-path
rural,12400004000002,1240000400040002,source-path
rural,12400004000003,1240000400040003,source-path
rural,12400004000001,1240000400050001,source-path
rural,12400004000002,1240000400050002,source-path
rural,12400005000002,1240000500040002,source-path
rural,12400005000003,1240000500040003,source-path
rural,12400005000004,1240000500040004,source-path
rural,12400005000005,1240000500040005,source-path
rural,12400005000006,1240000500040006,source-path
rural,12400005000001,1240000500050001,source-path
rural,12400005000002,1240000500050002,source-path
rural,12400006000003,1240000600010003,source-path
rural,12400006000004,1240000600010004,source-path
rural,12400006000001,1240000600030001,source-path
rural,12400006000002,1240000600030002,source-path
rural,12400006000001,1240000600040001,source-path
rural,12400006000002,1240000600040002,source-path
rural,12400007000001,1240000700010001,source-path
rural,12400007000002,1240000700010002,source-path
rural,12400007000001,1240000700020001,source-path
rural,12400007000002,1240000700020002,source-path
rural,12400008000001,1240000800010001,source-path
rural,12400008000002,1240000800010002,source-path
rural,12400008000001,1240000800020001,source-path
rural,12400008000003,1240000800020003,source-path
rural,12400008000004,1240000800020004,source-path
rural,12400008000001,1240000800030001,source-path
rural,12400008000002,1240000800030002,source-path
rural,12400009000001,1240000900010001,source-path
rural,12400009000002,1240000900010002,source-path
rural,12400009000003,1240000900010003,source-path
rural,12400009000001,1240000900020001,source-path
rural,12400009000002,1240000900020002,source-path
rural,12400010000001,1240001000010001,source-path
rural,12400010000002,1240001000010002,source-path
rural,12400010000001,1240001000020001,source-path
rural,12400010000002,1240001000020002,source-path
rural,12400011000001,1240001100010001,source-path
rural,12400011000003,1240001100010003,source-path
rural,12400011000001,1240001100020001,source-path
rural,12400011000002,1240001100020002,source-path
rural,12400012000001,1240001200010001,source-path
rural,12400012000002,1240001200010002,source-path
rural,12400012000001,1240001200020001,source-path
rural,12400012000002,1240001200020002,source-path
rural,12500001000001,1250000100020001,source-path
rural,12500001000002,1250000100030002,source-path
rural,12500001000003,1250000100030003,source-path
rural,12500001000001,1250000100050001,source-path
rural,12500001000002,1250000100050002,source-path
rural,12500002000001,1250000200010001,source-path
rural,12500002000002,1250000200010002,source-path
rural,12500002000001,1250000200020001,source-path
rural,12500002000002,1250000200020002,source-path
rural,12500003000001,1250000300010001,source-path
rural,12500003000002,1250000300010002,source-path
rural,12500003000001,1250000300020001,source-path
rural,12500003000002,1250000300020002,source-path
rural,12600001000001,1260000100020001,source-path
rural,12600001000002,1260000100020002,source-path
rural,12600001000001,1260000100030001,source-path
rural,12600001000002,1260000100030002,source-path
rural,12600001000003,1260000100040003,source-path
rural,12600001000004,1260000100040004,source-path
rural,12600001000005,1260000100040005,source-path
rural,12600001000001,1260000100060001,source-path
rural,12600001000002,1260000100060002,source-path
rural,12600002000001,1260000200010001,source-path
rural,12600002000002,1260000200010002,source-path
rural,12600002000001,1260000200020001,source-path
rural,12600002000002,1260000200020002,source-path
rural,12600002000001,1260000200030001,source-path
rural,12600002000002,1260000200030002,source-path
rural,12600002000001,1260000200040001,source-path
rural,12600002000002,1260000200040002,source-path
rural,12600002000003,1260000200040003,source-path
rural,12600003000001,1260000300020001,source-path
rural,12600003000002,1260000300020002,source-path
rural,12600003000003,1260000300020003,source-path
rural,12600003000001,1260000300030001,source-path
rural,12600003000002,1260000300030002,source-path
rural,12600003000003,1260000300030003,source-path
rural,12600003000001,1260000300040001,source-path
rural,12600003000002,1260000300040002,source-path
rural,12600003000003,1260000300040003,source-path
rural,12600003000004,1260000300040004,source-path
rural,12600003000001,1260000300050001,source-path
rural,12600003000002,1260000300050002,source-path
rural,12600003000001,1260000300070001,source-path
rural,12600003000002,1260000300070002,source-path
rural,12600004000001,1260000400010001,source-path
rural,12600004000002,1260000400010002,source-path
rural,12600004000001,1260000400020001,source-path
rural,12600004000002,1260000400020002,source-path
rural,12600004000003,1260000400020003,source-path
rural,12600005000001,1260000500010001,source-path
rural,12600005000002,1260000500010002,source-path
rural,12600005000001,1260000500020001,source-path
rural,12600005000002,1260000500020002,source-path
rural,12600006000001,1260000600010001,source-path
rural,12600006000002,1260000600010002,source-path
rural,12600006000003,1260000600010003,source-path
rural,12600006000001,1260000600020001,source-path
rural,12600006000002,1260000600020002,source-path
rural,12700001000001,1270000100010001,source-path
rural,12700001000002,1270000100010002,source-path
rural,12700001000001,1270000100020001,source-path
rural,12700001000002,1270000100020002,source-path
rural,12700002000001,1270000200020001,source-path
rural,12700002000002,1270000200020002,source-path
rural,12700002000001,1270000200030001,source-path
rural,12700002000002,1270000200030002,source-path
rural,12700003000002,1270000300010002,source-path
rural,12700003000003,1270000300010003,source-path
rural,12700003000001,1270000300020001,source-path
rural,12700003000002,1270000300020002,source-path
rural,12700004000001,1270000400010001,source-path
rural,12700004000002,1270000400010002,source-path
rural,12700004000003,1270000400010003,source-path
rural,12700005000001,1270000500020001,source-path
rural,12700005000003,1270000500020003,source-path
rural,12700005000004,1270000500020004,source-path
rural,12700005000001,1270000500030001,source-path
rural,12700005000002,1270000500030002,source-path
rural,12700006000001,1270000600020001,source-path
rural,12700006000002,1270000600020002,source-path
rural,12700006000001,1270000600040001,source-path
rural,12700006000002,1270000600040002,source-path
rural,12700006000003,1270000600040003,source-path
rural,12700006000004,1270000600040004,source-path
rural,12700007000001,1270000700040001,source-path
rural,12700007000002,1270000700040002,source-path
rural,12700007000001,1270000700050001,source-path
rural,12700007000002,1270000700050002,source-path
rural,12700008000001,1270000800010001,source-path
rural,12700008000002,1270000800010002,source-path
rural,12700008000001,1270000800020001,source-path
rural,12700008000002,1270000800020002,source-path
rural,12700008000003,1270000800020003,source-path
rural,12700009000001,1270000900020001,source-path
rural,12700009000002,1270000900020002,source-path
rural,12700009000004,1270000900020004,source-path
rural,12700009000001,1270000900030001,source-path
rural,12700009000002,1270000900030002,source-path
rural,12700010000001,1270001000010001,source-path
rural,12700010000002,1270001000010002,source-path
rural,12700010000001,1270001000020001,source-path
rural,12700010000002,1270001000020002,source-path
rural,12700011000001,1270001100010001,source-path
rural,12700011000002,1270001100010002,source-path
rural,12700011000001,1270001100020001,source-path
rural,12700011000003,1270001100020003,source-path
rural,12700012000001,1270001200010001,source-path
rural,12700012000002,1270001200010002,source-path
rural,12700012000001,1270001200020001,source-path
rural,12700012000002,1270001200020002,source-path
rural,12700013000001,1270001300010001,source-path
rural,12700013000002,1270001300010002,source-path
rural,12700013000001,1270001300020001,source-path
rural,12700013000002,1270001300020002,source-path
rural,12700014000001,1270001400010001,source-path
rural,12700014000002,1270001400010002,source-path
rural,12700014000001,1270001400020001,source-path
rural,12700014000002,1270001400020002,source-path
rural,12800001000001,1280000100020001,source-path
rural,12800001000004,1280000100020004,source-path
rural,12800001000005,1280000100020005,source-path
rural,12800001000001,1280000100030001,source-path
rural,12800001000002,1280000100030002,source-path
rural,12800002000001,1280000200040001,source-path
rural,12800002000002,1280000200040002,source-path
rural,12800002000003,1280000200040003,source-path
rural,12800002000001,1280000200050001,source-path
rural,12800002000002,1280000200050002,source-path
rural,12800003000001,1280000300010001,source-path
rural,12800003000002,1280000300010002,source-path
rural,12800003000001,1280000300020001,source-path
rural,12800003000002,1280000300020002,source-path
rural,12800003000002,1280000300030002,source-path
rural,12800004000001,1280000400010001,source-path
rural,12800004000002,1280000400010002,source-path
rural,12800004000001,1280000400020001,source-path
rural,12800004000002,1280000400020002,source-path
rural,12800004000003,1280000400020003,source-path
rural,12800004000004,1280000400020004,source-path
rural,12800004000005,1280000400020005,source-path
rural,12800004000001,1280000400030001,source-path
rural,12800004000002,1280000400030002,source-path
rural,12800005000001,1280000500010001,source-path
rural,12800005000002,1280000500010002,source-path
rural,12800005000001,1280000500020001,source-path
rural,12800005000002,1280000500020002,source-path
rural,12800005000003,1280000500020003,source-path
rural,12800006000001,1280000600010001,source-path
rural,12800006000002,1280000600010002,source-path
rural,12800006000001,1280000600030001,source-path
rural,12800006000002,1280000600030002,source-path
rural,12800007000001,1280000700010001,source-path
rural,12800007000002,1280000700010002,source-path
rural,12800008000001,1280000800010001,source-path
rural,12800008000002,1280000800010002,source-path
rural,12800008000001,1280000800020001,source-path
rural,12800008000002,1280000800020002,source-path
rural,12800008000001,1280000800030001,source-path
rural,12800008000002,1280000800030002,source-path
rural,12800009000001,1280000900010001,source-path
rural,12800009000002,1280000900010002,source-path
rural,12800009000001,1280000900020001,source-path
rural,12800009000002,1280000900020002,source-path
rural,12800010000001,1280001000010001,source-path
rural,12800010000002,1280001000010002,source-path
rural,12800010000001,1280001000020001,source-path
rural,12800010000002,1280001000020002,source-path
rural,12900001000001,1290000100040001,source-path
rural,12900001000003,1290000100040003,source-path
rural,12900001000004,1290000100040004,source-path
rural,12900001000005,1290000100040005,source-path
rural,12900001000007,1290000100040007,source-path
rural,12900001000008,1290000100040008,source-path
rural,12900002000002,1290000200010002,source-path
rural,12900002000003,1290000200010003,source-path
rural,12900002000001,1290000200020001,source-path
rural,12900002000002,1290000200020002,source-path
rural,12900002000001,1290000200030001,source-path
rural,12900002000003,1290000200030003,source-path
rural,12900002000001,1290000200040001,source-path
rural,12900002000002,1290000200040002,source-path
rural,12900003000002,1290000300010002,source-path
rural,12900003000003,1290000300010003,source-path
rural,12900003000001,1290000300020001,source-path
rural,12900003000002,1290000300020002,source-path
rural,12900003000001,1290000300030001,source-path
rural,12900003000002,1290000300030002,source-path
rural,12900004000001,1290000400020001,source-path
rural,12900004000002,1290000400020002,source-path
rural,12900004000003,1290000400020003,source-path
rural,12900004000002,1290000400030002,source-path
rural,12900004000003,1290000400030003,source-path
rural,12900004000001,1290000400050001,source-path
rural,12900004000002,1290000400050002,source-path
rural,12900004000003,1290000400050003,source-path
rural,12900005000001,1290000500010001,source-path
rural,12900005000003,1290000500010003,source-path
rural,12900005000001,1290000500020001,source-path
rural,12900005000002,1290000500020002,source-path
rural,12900005000003,1290000500020003,source-path
rural,12900005000001,1290000500030001,source-path
rural,12900005000002,1290000500030002,source-path
rural,12900005000003,1290000500030003,source-path
rural,12900006000001,1290000600010001,source-path
rural,12900006000002,1290000600010002,source-path
rural,12900006000001,1290000600020001,source-path
rural,12900006000002,1290000600020002,source-path
rural,12900007000001,1290000700030001,source-path
rural,12900007000002,1290000700030002,source-path
rural,12900007000001,1290000700040001,source-path
rural,12900008000001,1290000800010001,source-path
rural,12900008000002,1290000800010002,source-path
rural,12900008000001,1290000800020001,source-path
rural,12900008000002,1290000800020002,source-path
rural,12900009000001,1290000900010001,source-path
rural,12900009000002,1290000900010002,source-path
rural,12900009000001,1290000900020001,source-path
rural,12900009000002,1290000900020002,source-path
rural,12900009000001,1290000900030001,source-path
rural,12900009000002,1290000900030002,source-path
rural,12900010000001,1290001000010001,source-path
rural,12900010000002,1290001000010002,source-path
rural,12900010000001,1290001000020001,source-path
rural,12900010000002,1290001000020002,source-path
rural,12900010000003,1290001000020003,source-path
rural,12900011000001,1290001100020001,source-path
rural,12900011000002,1290001100020002,source-path
rural,12900011000003,1290001100020003,source-path
rural,12900011000004,1290001100020004,source-path
rural,12900011000001,1290001100030001,source-path
rural,12900011000002,1290001100030002,source-path
rural,12900012000001,1290001200010001,source-path
rural,12900012000003,1290001200010003,source-path
rural,12900012000001,1290001200020001,source-path
rural,12900012000002,1290001200020002,source-path
rural,13000001000001,1300000100010001,source-path
rural,13000001000002,1300000100010002,source-path
rural,13000001000003,1300000100010003,source-path
rural,13000001000001,1300000100030001,source-path
rural,13000001000002,1300000100030002,source-path
rural,13000001000003,1300000100030003,source-path
rural,13000002000001,1300000200010001,source-path
rural,13000002000002,1300000200010002,source-path
rural,13000002000001,1300000200030001,source-path
rural,13000002000002,1300000200030002,source-path
rural,13000003000001,1300000300010001,source-path
rural,13000003000002,1300000300010002,source-path
rural,13000003000003,1300000300010003,source-path
rural,13000003000001,1300000300020001,source-path
rural,13000003000002,1300000300020002,source-path
rural,13000004000001,1300000400010001,source-path
rural,13000004000002,1300000400010002,source-path
rural,13000004000001,1300000400020001,source-path
rural,13000004000002,1300000400020002,source-path
rural,13000005000001,1300000500010001,source-path
rural,13000005000002,1300000500010002,source-path
rural,13000005000001,1300000500020001,source-path
rural,13000005000002,1300000500020002,source-path
rural,13000006000001,1300000600010001,source-path
rural,13000006000002,1300000600010002,source-path
rural,13000006000001,1300000600020001,source-path
rural,13000006000002,1300000600020002,source-path
rural,13000007000001,1300000700010001,source-path
rural,13000007000002,1300000700010002,source-path
rural,13000007000001,1300000700020001,source-path
rural,13000007000002,1300000700020002,source-path
