id,name,slug,province_id,county_id,district_id
100000100020001,امان آباد,امان-آباد,100,1000001,1000001002
100000100020002,امیریه,امیریه,100,1000001,1000001002
100000100020003,داودآباد,داودآباد,100,1000001,1000001002
100000100020005,سده,سده,100,1000001,1000001002
100000100020006,شمس آباد,شمس-آباد,100,1000001,1000001002
100000100020008,مشهد میقان,مشهد-میقان,100,1000001,1000001002
100000100020010,حاجی آباد,حاجی-آباد,100,1000001,1000001002
100000100030001,ساروق,امان-آباد,100,1000001,1000001003
100000100030002,مشهدالکوبه,امیریه,100,1000001,1000001003
100000100040001,معصومیه,امان-آباد,100,1000001,1000001004
100000100040002,مشک آباد,امیریه,100,1000001,1000001004
100000200010001,سیاوشان,سیاوشان,100,1000002,1000002001
100000200010002,گرکان,گرکان,100,1000002,1000002001
100000200010003,مزرعه نو,مزرعه-نو,100,1000002,1000002001
100000300020001,بازرجان,بازرجان,100,1000003,1000003002
100000300020002,رودبار,رودبار,100,1000003,1000003002
100000300020003,خرازان,خرازان,100,1000003,1000003002
100000300020004,کوه پناه,کوه-پناه,100,1000003,1000003002
100000400010001,آشناخور,چهار-چشمه,100,1000004,1000004001
100000400010003,حمزه لو,حمزه-لو,100,1000004,1000004001
100000400010005,رستاق,رستاق,100,1000004,1000004001
100000400010006,صالحان,صالحان,100,1000004,1000004001
100000400010007,گله زن,گله-زن,100,1000004,1000004001
100000400020001,چهارچشمه,چهار-چشمه,100,1000004,1000004002
100000400020002,خرم دشت,خرم-دشت,100,1000004,1000004002
100000500010001,دودهک,دودهک,100,1000005,1000005001
100000500010002,هستیجان,هستیجان,100,1000005,1000005001
100000500010003,جاسب,جاسب,100,1000005,1000005001
100000500010004,جوشق,جوشق,100,1000005,1000005001
100000600030001,شاهسون کندی,آق-کهریز,100,1000006,1000006003
100000600030002,طراز ناهید,طراز-ناهید,100,1000006,1000006003
100000600030003,قره چای,قره-چای,100,1000006,1000006003
100000600030004,نورعلی بیک,نورعلی-بیک,100,1000006,1000006003
100000600040001,آق کهریز,آق-کهریز,100,1000006,1000006004
100000600040002,بیات,طراز-ناهید,100,1000006,1000006004
100000600040003,کوهپایه,قره-چای,100,1000006,1000006004
100000700010001,آستانه,آستانه,100,1000007,1000007001
100000700010007,کزاز,کزاز,100,1000007,1000007001
100000700020001,هندودر,آستانه,100,1000007,1000007002
100000700020002,مالمیر,کوهسار,100,1000007,1000007002
100000700030001,پل دوآب,آستانه,100,1000007,1000007003
100000700030002,زالیان,کوهسار,100,1000007,1000007003
100000700030003,نهرمیان,نهرمیان,100,1000007,1000007003
100000700040001,قره کهریز,آستانه,100,1000007,1000007004
100000700040002,کوهسار,کوهسار,100,1000007,1000007004
100000700050001,خسبیجان,آستانه,100,1000007,1000007005
100000700050002,مهاجران,کوهسار,100,1000007,1000007005
100000900010001,باقرآباد,باقرآباد,100,1000009,1000009001
100000900010002,خورهه,خورهه,100,1000009,1000009001
101000100010001,حیران,حیران,101,1010001,1010001001
101000100010003,ویرمونی,ویرمونی,101,1010001,1010001001
101000100020001,چلوند,حیران,101,1010001,1010001002
101000100020002,لوندویل,لوندویل,101,1010001,1010001002
101000200010001,دهگاه,دهگاه,101,1010002,1010002001
101000200010002,کیاشهر,کیاشهر,101,1010002,1010002001
101000200020001,دهشال,دهگاه,101,1010002,1010002002
101000200020002,گورکا,کیاشهر,101,1010002,1010002002
101000200020003,کیسم,کیسم,101,1010002,1010002002
101000200020004,چهارده,چهارده,101,1010002,1010002002
101000300010001,چهار فریضه,چهار-فریضه,101,1010003,1010003001
101000300010002,لیچارکی حسن رود,لیچارکی-حسن-رود,101,1010003,1010003001
101000400030003,طولارود,طولارود,101,1010004,1010004003
101000400030004,کوهستانی تالش,کوهستانی-تالش,101,1010004,1010004003
101000400040002,لیسار,ساحلی-جوکندان,101,1010004,1010004004
101000400040003,خطبه سرا,طولارود,101,1010004,1010004004
101000400050001,اسالم,اسالم,101,1010004,1010004005
101000400050002,خاله سرا,ساحلی-جوکندان,101,1010004,1010004005
101000400050003,خرجگیل,طولارود,101,1010004,1010004005
101000400060001,حویق,اسالم,101,1010004,1010004006
101000400060002,چوبر,ساحلی-جوکندان,101,1010004,1010004006
101000400070001,ساحلی جوکندان,اسالم,101,1010004,1010004007
101000400070002,نیل رود,ساحلی-جوکندان,101,1010004,1010004007
101000500020001,اسلام آباد,اسلام-آباد,101,1010005,1010005002
101000500020002,سراوان,سراوان,101,1010005,1010005002
101000500020003,سنگر,سنگر,101,1010005,1010005002
101000500030001,بلسبنه,اسلام-آباد,101,1010005,1010005003
101000500030002,کنارسر,سراوان,101,1010005,1010005003
101000500030003,لولمان,سنگر,101,1010005,1010005003
101000500040001,جیرهنده لشت نشاء,اسلام-آباد,101,1010005,1010005004
101000500040002,علی آباد زیبا کنار,سراوان,101,1010005,1010005004
101000500040003,گفشه لشت نشاء,سنگر,101,1010005,1010005004
101000500050001,پسیخان,اسلام-آباد,101,1010005,1010005005
101000500050002,پیربازار,سراوان,101,1010005,1010005005
101000500050003,حومه,سنگر,101,1010005,1010005005
101000500050004,لاکان,لاکان,101,1010005,1010005005
101000500060001,حاجی بکنده خشکبیجار,اسلام-آباد,101,1010005,1010005006
101000500060002,نوشرخشکبیجار,سراوان,101,1010005,1010005006
101000600010001,بلوکات,خورگام,101,1010006,1010006001
101000600010002,دشتویل,دشتویل,101,1010006,1010006001
101000600010003,رحمت آباد,کلشتر,101,1010006,1010006001
101000600020001,جیرنده,خورگام,101,1010006,1010006002
101000600020003,کلیشم,کلشتر,101,1010006,1010006002
101000600030001,رستم آباد جنوبی,خورگام,101,1010006,1010006003
101000600030002,رستم آباد شمالی,دشتویل,101,1010006,1010006003
101000600030003,کلشتر,کلشتر,101,1010006,1010006003
101000600040001,خورگام,خورگام,101,1010006,1010006004
101000600040002,دلفک,دشتویل,101,1010006,1010006004
101000600050001,پاچنار,خورگام,101,1010006,1010006005
101000600050002,جمال‌آباد,دشتویل,101,1010006,1010006005
101000700020001,اشکور سفلی,اشکور-سفلی,101,1010007,1010007002
101000700020002,اشکور علیا و سیارستاق ییلاقی,اشکور-علیا-و-سیارستاق-ییلاقی,101,1010007,1010007002
101000700020003,رحیم آباد,رحیم-آباد,101,1010007,1010007002
101000700020004,شوئیل,شوئیل,101,1010007,1010007002
101000700030002,چینی جان,اشکور-علیا-و-سیارستاق-ییلاقی,101,1010007,1010007003
101000700030003,رضا محله,رحیم-آباد,101,1010007,1010007003
101000700040001,اوشیان,اشکور-سفلی,101,1010007,1010007004
101000700040002,سیاهکلرود,اشکور-علیا-و-سیارستاق-ییلاقی,101,1010007,1010007004
101000700050001,بی بالان,اشکور-سفلی,101,1010007,1010007005
101000700050002,ماچیان,اشکور-علیا-و-سیارستاق-ییلاقی,101,1010007,1010007005
101000800010001,تولم,تولم,101,1010008,1010008001
101000800010002,هندوخاله,هندوخاله,101,1010008,1010008001
101000800020003,کسما,کسما,101,1010008,1010008002
101000800020004,پیشخوان,پیشخوان,101,1010008,1010008002
101000800030001,گوراب زرمیخ,تولم,101,1010008,1010008003
101000800030002,مرکیه,هندوخاله,101,1010008,1010008003
101000800040001,طاهرگوراب,تولم,101,1010008,1010008004
101000800040002,اباتر,هندوخاله,101,1010008,1010008004
101000800050001,ضیابر,تولم,101,1010008,1010008005
101000800050002,بهمبر,هندوخاله,101,1010008,1010008005
101000900020002,رودپیش,سردار-جنگل,101,1010009,1010009002
101000900020004,گشت,گشت,101,1010009,1010009002
101000900020005,گوراب پس,گوراب-پس,101,1010009,1010009002
101000900020006,لولمان,لولمان,101,1010009,1010009002
101000900030001,آلیان,آلیان,101,1010009,1010009003
101000900030002,سردارجنگل,سردار-جنگل,101,1010009,1010009003
102000100010001,بالالاریجان,بالالاریجان,102,1020001,1020001001
102000100010002,لاریجان سفلی,لاریجان-سفلی,102,1020001,1020001001
102000100020002,پایین خیابان لیتکوه,لاریجان-سفلی,102,1020001,1020001002
102000100020006,هرازپی جنوبی,هرازپی-جنوبی,102,1020001,1020001002
102000100020007,دشت سر سفلی,دشت-سر-سفلی,102,1020001,1020001002
102000100030001,دابوی جنوبی,بالالاریجان,102,1020001,1020001003
102000100030003,دابوی میانی,دابوی-میانی,102,1020001,1020001003
102000100040001,بالاخیابان لیتکوه,بالالاریجان,102,1020001,1020001004
102000100040002,چلاو,لاریجان-سفلی,102,1020001,1020001004
102000100050001,دشت سر شرقی,بالالاریجان,102,1020001,1020001005
102000100050002,دشت سر غربی,لاریجان-سفلی,102,1020001,1020001005
102000200010001,خوش رود,خوش-رود,102,1020002,1020002001
102000200010004,شهیدآباد,شهیدآباد,102,1020002,1020002001
102000200020002,فیضیه,فیضیه,102,1020002,1020002002
102000200020004,اسبوکلا,شهیدآباد,102,1020002,1020002002
102000200020005,گنج افروز,گنج-افروز,102,1020002,1020002002
102000200030001,سجادرود,خوش-رود,102,1020002,1020002003
102000200030002,فیروزجاه,فیضیه,102,1020002,1020002003
102000200040001,بابل کنار,خوش-رود,102,1020002,1020002004
102000200040002,درازکلا,فیضیه,102,1020002,1020002004
102000200050001,کاری پی,خوش-رود,102,1020002,1020002005
102000200050002,لاله آباد,فیضیه,102,1020002,1020002005
102000200060001,گتاب جنوبی,خوش-رود,102,1020002,1020002006
102000200060002,گتاب شمالی,فیضیه,102,1020002,1020002006
102000400020001,کوهستان,کوهستان,102,1020004,1020004002
102000400020002,میان کاله,میان-کاله,102,1020004,1020004002
102000400020003,پنج هزاره,پنج-هزاره,102,1020004,1020004002
102000400040002,شهدا,میان-کاله,102,1020004,1020004004
102000400040003,عشرستاق,پنج-هزاره,102,1020004,1020004004
102000500020001,میرشمس الدین,میرشمس-الدین,102,1020005,1020005002
102000500020002,گلیجان,گلیجان,102,1020005,1020005002
102000500030001,تمشکل,میرشمس-الدین,102,1020005,1020005003
102000500030002,کترا,گلیجان,102,1020005,1020005003
102000500040001,بلده,میرشمس-الدین,102,1020005,1020005004
102000500040004,بلده شرقی,بلده-شرقی,102,1020005,1020005004
102000500050001,میاندامان,میرشمس-الدین,102,1020005,1020005005
102000500050002,دوهزار,گلیجان,102,1020005,1020005005
102000500050003,سه هزار,سه-هزار,102,1020005,1020005005
102000600010003,سخت سر,سخت-سر,102,1020006,1020006001
102000600010004,اشکور,اشکور,102,1020006,1020006001
102000600020001,جنت رودبار,جنت-رودبار,102,1020006,1020006002
102000600020002,چهل شهید,چهل-شهید,102,1020006,1020006002
102000700010001,پشتکوه,پشتکوه,102,1020007,1020007001
102000700010002,چهاردانگه,چهاردانگه,102,1020007,1020007001
102000700010003,گرماب,گرماب,102,1020007,1020007001
102000700020001,بنافت,پشتکوه,102,1020007,1020007002
102000700020002,فریم,چهاردانگه,102,1020007,1020007002
102000700030001,اسفیورد شوراب,پشتکوه,102,1020007,1020007003
102000700030003,کلیجان رستاق سفلی,گرماب,102,1020007,1020007003
102000700030005,مذکوره,مذکوره,102,1020007,1020007003
102000700030006,میاندورود کوچک,میاندورود-کوچک,102,1020007,1020007003
102000700050001,تنگه سلیمان,پشتکوه,102,1020007,1020007005
102000700050002,کلیجان رستاق علیا,چهاردانگه,102,1020007,1020007005
102000700060002,رودپی شرقی,چهاردانگه,102,1020007,1020007006
102000700060003,رودپی غربی,گرماب,102,1020007,1020007006
102000700070001,فرح آباد شمالی,پشتکوه,102,1020007,1020007007
102000700070002,فرح آباد جنوبی,چهاردانگه,102,1020007,1020007007
102000800020001,راستوپی,راستوپی,102,1020008,1020008002
102000800020003,ولوپی,ولوپی,102,1020008,1020008002
102000800030001,سرخکلا,راستوپی,102,1020008,1020008003
102000800030002,کسلیان,کسلیان,102,1020008,1020008003
103000200020001,آذغان,آذغان,103,1030002,1030002002
103000200020002,اوچ هاچا,اوچ-هاچا,103,1030002,1030002002
103000200020003,بزکش,بزکش,103,1030002,1030002002
103000200020005,گویجه بل,گویجه-بل,103,1030002,1030002002
103000200020006,ورگهان,ورگهان,103,1030002,1030002002
103000200050001,قشلاق,آذغان,103,1030002,1030002005
103000200050002,نقدوز,اوچ-هاچا,103,1030002,1030002005
103000300030001,آجی چای,آجی-چای,103,1030003,1030003003
103000300030002,اسپران,اسپران,103,1030003,1030003003
103000300030006,سردصحرا,سردصحرا,103,1030003,1030003003
103000300040001,تازه کند,آجی-چای,103,1030003,1030003004
103000300040002,لاهیجان,اسپران,103,1030003,1030003004
103000300050001,میدان چای,آجی-چای,103,1030003,1030003005
103000300050002,مهران رود,اسپران,103,1030003,1030003005
103000500010001,ابرغان,ابرغان,103,1030005,1030005001
103000500010002,آغمیون,آغمیون,103,1030005,1030005001
103000500010003,حومه,شربیان,103,1030005,1030005001
103000500010004,رازلیق,رازلیق,103,1030005,1030005001
103000500010005,صایین,صایین,103,1030005,1030005001
103000500010006,ملایعقوب,ملایعقوب,103,1030005,1030005001
103000500020001,اردلان,ابرغان,103,1030005,1030005002
103000500020002,آلان برآغوش,آغمیون,103,1030005,1030005002
103000500020003,شربیان,شربیان,103,1030005,1030005002
103000600020003,سراجوی شمالی,سراجوی-شمالی,103,1030006,1030006002
103000600020004,سراجوی غربی,سراجوی-غربی,103,1030006,1030006002
103000600020005,قره ناز,قره-ناز,103,1030006,1030006002
103000600030001,سراجوی جنوبی,سراجوی-جنوبی,103,1030006,1030006003
103000600030002,سراجوی شرقی,سراجوی-شرقی,103,1030006,1030006003
103000600030003,قوری چای غربی,سراجوی-شمالی,103,1030006,1030006003
103000700020001,بناب,بناب,103,1030007,1030007002
103000700020002,دولت آباد,یکانات,103,1030007,1030007002
103000700020004,زنوزق,زنوزق,103,1030007,1030007002
103000700020006,میشاب شمالی,میشاب-شمالی,103,1030007,1030007002
103000700020007,هرزندات شرقی,هرزندات-شرقی,103,1030007,1030007002
103000700020008,هرزندات غربی,هرزندات-غربی,103,1030007,1030007002
103000700030001,ذوالبین,بناب,103,1030007,1030007003
103000700030002,یکانات,یکانات,103,1030007,1030007003
103000700040001,کشکسرای,بناب,103,1030007,1030007004
103000700040002,یالقوزآغاج,یکانات,103,1030007,1030007004
104000100010001,انزل جنوبی,انزل-جنوبی,104,1040001,1040001001
104000100010002,انزل شمالی,انزل-شمالی,104,1040001,1040001001
104000100020001,ترگور,انزل-جنوبی,104,1040001,1040001002
104000100020002,دشت,انزل-شمالی,104,1040001,1040001002
104000100020003,مرگور,مرگور,104,1040001,1040001002
104000100030001,برادوست,انزل-جنوبی,104,1040001,1040001003
104000100030002,صومای جنوبی,انزل-شمالی,104,1040001,1040001003
104000100030003,صومای شمالی,مرگور,104,1040001,1040001003
104000100040001,باراندوز,انزل-جنوبی,104,1040001,1040001004
104000100040002,باراندوزچای جنوبی,انزل-شمالی,104,1040001,1040001004
104000100040003,باراندوزچای شمالی,مرگور,104,1040001,1040001004
104000100040004,باش قلعه,باش-قلعه,104,1040001,1040001004
104000100040005,بکشلوچای,بکشلوچای,104,1040001,1040001004
104000100040006,ترکمان,ترکمان,104,1040001,1040001004
104000100040007,دول,دول,104,1040001,1040001004
104000100040008,روضه چای,روضه-چای,104,1040001,1040001004
104000100040011,نازلوی جنوبی,نازلوی-جنوبی,104,1040001,1040001004
104000100050001,طلاتپه,انزل-جنوبی,104,1040001,1040001005
104000100050002,نازلو چای,انزل-شمالی,104,1040001,1040001005
104000100050003,نازلو شمالی,مرگور,104,1040001,1040001005
104000200010001,پیران,پیران,104,1040002,1040002001
104000200010004,منگورغربی,منگورغربی,104,1040002,1040002001
104000200010005,لاهیجان,لاهیجان,104,1040002,1040002001
104000200020001,لاهیجان شرقی,پیران,104,1040002,1040002002
104000200020002,لاهیجان غربی,لاهیجان-غربی,104,1040002,1040002002
104000300020003,دیزج,دیزج,104,1040003,1040003002
104000300020004,رهال,رهال,104,1040003,1040003002
104000300020007,قره سو,قره-سو,104,1040003,1040003002
104000300020010,گوهران,گوهران,104,1040003,1040003002
104000300030001,الند,الند,104,1040003,1040003003
104000300030002,سکمن آباد,ولدیان,104,1040003,1040003003
104000300040001,ایواوغلی,الند,104,1040003,1040003004
104000300040002,ولدیان,ولدیان,104,1040003,1040003004
104000300050001,زری,الند,104,1040003,1040003005
104000300050002,قطور,ولدیان,104,1040003,1040003005
104000300060001,فیرورق شمالی,الند,104,1040003,1040003006
104000300060002,فیرورق جنوبی,ولدیان,104,1040003,1040003006
104000400010001,آلان,آلان,104,1040004,1040004001
104000400010003,بریاجی,بریاجی,104,1040004,1040004001
104000400030001,باسک کولسه,آلان,104,1040004,1040004003
104000400030002,گورک سردشت,گورک-سردشت,104,1040004,1040004003
104000500010002,زولاچای,شپیران,104,1040005,1040005001
104000500010005,کره سنی,کره-سنی,104,1040005,1040005001
104000500010006,کنارپروژ,کنارپروژ,104,1040005,1040005001
104000500010007,لکستان,لکستان,104,1040005,1040005001
104000500020001,چهریق,چهریق,104,1040005,1040005002
104000500020002,شپیران,شپیران,104,1040005,1040005002
104000500020003,شناتال,شناتال,104,1040005,1040005002
104000600040001,چایباسار جنوبی,چایباسارجنوبی,104,1040006,1040006004
104000600040003,قلعه دره سی,قلعه-دره-سی,104,1040006,1040006004
104000600040005,قره سو,قره-سو,104,1040006,1040006004
104000600050001,چایباسار شمالی,چایباسارجنوبی,104,1040006,1040006005
104000600050002,ساری سو,ساری-سو,104,1040006,1040006005
104000700010001,کانی بازار,کانی-بازار,104,1040007,1040007001
104000700010002,منگورشرقی,منگورشرقی,104,1040007,1040007001
104000700020001,آختاچی غربی,کانی-بازار,104,1040007,1040007002
104000700020002,مکریان شرقی,منگورشرقی,104,1040007,1040007002
104000700020004,مکریان غربی,مکریان-غربی,104,1040007,1040007002
104000800030002,زرینه رود جنوبی,زرینه-رودجنوبی,104,1040008,1040008003
104000800030003,زرینه رود شمالی,زرینه-رودشمالی,104,1040008,1040008003
104000800030006,مکریان شمالی,مکریان-شمالی,104,1040008,1040008003
104000800060001,مظفرآباد,مظفرآباد,104,1040008,1040008006
104000800060002,زرینه رود,زرینه-رودجنوبی,104,1040008,1040008006
104000800070001,یقینعلی تپه,مظفرآباد,104,1040008,1040008007
104000800070002,مرحمت آباد,زرینه-رودجنوبی,104,1040008,1040008007
104000800080001,چلیک,مظفرآباد,104,1040008,1040008008
104000800080002,مرحمت آباد جنوبی,زرینه-رودجنوبی,104,1040008,1040008008
104000900020001,بیگم قلعه,بیگم-قلعه,104,1040009,1040009002
104000900020003,سلدوز,سلدوز,104,1040009,1040009002
104000900030001,المهدی,بیگم-قلعه,104,1040009,1040009003
104000900030002,حسنلو,حسنلو,104,1040009,1040009003
105000100010002,منصوری,منصوری,105,1050001,1050001001
105000100010003,هرسم,هرسم,105,1050001,1050001001
105000100010004,حمیل,حمیل,105,1050001,1050001001
105000100030001,حسن آباد,حسن-آباد,105,1050001,1050001003
105000100030002,حومه جنوبی,منصوری,105,1050001,1050001003
105000100030003,حومه شمالی,هرسم,105,1050001,1050001003
105000100030006,شیان,شیان,105,1050001,1050001003
105000200030001,جلال وند,جلال-وند,105,1050002,1050002003
105000200030002,سرفیروزآباد,سرفیروزآباد,105,1050002,1050002003
105000200030003,عثمانوند,عثمانوند,105,1050002,1050002003
105000200040001,بالادربند,جلال-وند,105,1050002,1050002004
105000200040003,دورودفرامان,عثمانوند,105,1050002,1050002004
105000200040004,قره سو,قره-سو,105,1050002,1050002004
105000200040006,میان دربند,میان-دربند,105,1050002,1050002004
105000200060001,چقانرگس,جلال-وند,105,1050002,1050002006
105000200060002,ماهیدشت,سرفیروزآباد,105,1050002,1050002006
105000200070001,سنجابی,جلال-وند,105,1050002,1050002007
105000200070002,هفت آشیان,سرفیروزآباد,105,1050002,1050002007
105000200080001,رازآور,جلال-وند,105,1050002,1050002008
105000200080002,پشت دربند,سرفیروزآباد,105,1050002,1050002008
105000300010002,ماکوان,ماکوان,105,1050003,1050003001
105000300010003,شیوه سر,شیوه-سر,105,1050003,1050003001
105000300020001,شمشیر,شمشیر,105,1050003,1050003002
105000300020003,هولی,شیوه-سر,105,1050003,1050003002
105000300030002,سیروان,ماکوان,105,1050003,1050003003
105000400010003,حومه سرپل,حومه-سرپل,105,1050004,1050004001
105000400010007,بشیوه پاطاق,بشیوه-پاطاق,105,1050004,1050004001
105000400020001,قلعه شاهین,قلعه-شاهین,105,1050004,1050004002
105000400020002,سراب قلعه شاهین,سراب-قلعه-شاهین,105,1050004,1050004002
105000400030001,دشت ذهاب,قلعه-شاهین,105,1050004,1050004003
105000400030002,پشت تنگ,سراب-قلعه-شاهین,105,1050004,1050004003
105000400030003,سرقلعه,حومه-سرپل,105,1050004,1050004003
105000400030004,جگیران,جگیران,105,1050004,1050004003
105000500010001,آب باریک,آب-باریک,105,1050005,1050005001
105000500010004,سراب,سراب,105,1050005,1050005001
105000500010008,پارسینه,پارسینه,105,1050005,1050005001
105000500020001,آگاهان,آب-باریک,105,1050005,1050005002
105000500020002,سطر,سطر,105,1050005,1050005002
105000500020003,کیونانات,کیونانات,105,1050005,1050005002
105000500030001,باوله,آب-باریک,105,1050005,1050005003
105000500030002,گاورود,سطر,105,1050005,1050005003
105000600010001,سومار,سومار,105,1050006,1050006001
105000600020001,الوند,سومار,105,1050006,1050006002
105000600020002,نصرآباد,نصرآباد,105,1050006,1050006002
105000600020003,فتح آباد,فتح-آباد,105,1050006,1050006002
105000700010001,خزل غربی,خزل-غربی,105,1050007,1050007001
105000700010002,فش,فش,105,1050007,1050007001
105000700010003,کرماجان,کرماجان,105,1050007,1050007001
105000700010004,گودین,گودین,105,1050007,1050007001
105000700010005,قزوینه,قزوینه,105,1050007,1050007001
105000800010001,چله,چله,105,1050008,1050008001
105000800010002,حومه,حومه,105,1050008,1050008001
105000800010004,دیره,دیره,105,1050008,1050008001
105000800010006,ویژنان,ویژنان,105,1050008,1050008001
105000800020001,حیدریه,چله,105,1050008,1050008002
105000800020002,گواور,حومه,105,1050008,1050008002
105000900030001,پلنگانه,پلنگانه,105,1050009,1050009003
105000900030003,بازان,بازان,105,1050009,1050009003
105000900040001,شروینه,پلنگانه,105,1050009,1050009004
105000900040002,کلاشی,کلاشی,105,1050009,1050009004
106000100010001,مینوبار,مینوبار,106,1060001,1060001001
106000100010002,نصار,نصار,106,1060001,1060001001
106000100010003,نوآباد,نوآباد,106,1060001,1060001001
106000100020001,بهمنشیر جنوبی,مینوبار,106,1060001,1060001002
106000100020002,بهمنشیر شمالی,نصار,106,1060001,1060001002
106000100020003,شلاهی,نوآباد,106,1060001,1060001002
106000200010001,حسینیه,حسینیه,106,1060002,1060002001
106000200010002,قیلاب,قیلاب,106,1060002,1060002001
106000200010003,مازو,مازو,106,1060002,1060002001
106000200020001,حومه,حسینیه,106,1060002,1060002002
106000300020002,الهایی,الهایی,106,1060003,1060003002
106000300020009,لامی,لامی,106,1060003,1060003002
106000300040001,اسماعیلیه شمالی,اسماعیلیه-شمالی,106,1060003,1060003004
106000300040002,اسماعیلیه جنوبی,الهایی,106,1060003,1060003004
106000300050001,مشرحات,اسماعیلیه-شمالی,106,1060003,1060003005
106000300050002,غیزانیه,الهایی,106,1060003,1060003005
106000400030001,پیان,پیان,106,1060004,1060004003
106000400030002,حومه شرقی,حومه-شرقی,106,1060004,1060004003
106000400030003,حومه غربی,حومه-غربی,106,1060004,1060004003
106000400030006,مرغا,مرغا,106,1060004,1060004003
106000400030007,هلایجان,هلایجان,106,1060004,1060004003
106000400040001,سوسن شرقی,پیان,106,1060004,1060004004
106000400040002,سوسن غربی,حومه-شرقی,106,1060004,1060004004
106000500010002,بندر امام خمینی,بندرامام-خمینی,106,1060005,1060005001
106000500020001,جراحی,جراحی,106,1060005,1060005002
106000600020001,درونک,درونک,106,1060006,1060006002
106000600020002,سردشت,سردشت,106,1060006,1060006002
106000600030002,حومه,سردشت,106,1060006,1060006003
106000600030003,دودانگه,دودانگه,106,1060006,1060006003
106000600040001,تشان شرقی,درونک,106,1060006,1060006004
106000600040002,تشان غربی,سردشت,106,1060006,1060006004
106000700010001,حومه شرقی,حومه-شرقی,106,1060007,1060007001
106000700010002,حومه غربی,حومه-غربی,106,1060007,1060007001
106000700010003,غرب کارون,غرب-کارون,106,1060007,1060007001
106000700020001,جزیره مینو,حومه-شرقی,106,1060007,1060007002
106000800010004,سردشت,سردشت,106,1060008,1060008001
106000800010007,ماهوربرنجی,ماهوربرنجی,106,1060008,1060008001
106000800020002,شمس آباد,شمس-آباد,106,1060008,1060008002
106000800020003,قبله ای,قبله-ای,106,1060008,1060008002
106000800030001,چغامیش,چغامیش,106,1060008,1060008003
106000800030002,خیبر,شمس-آباد,106,1060008,1060008003
106000800040001,دره کاید,چغامیش,106,1060008,1060008004
106000800040002,احمد فداله,شمس-آباد,106,1060008,1060008004
106000800040003,امامزاده سید محمود,قبله-ای,106,1060008,1060008004
106000800040004,سید ولی الدین,سردشت,106,1060008,1060008004
106000800040005,شهی,شهی,106,1060008,1060008004
106000900010001,بستان,بستان,106,1060009,1060009001
106000900010002,سعیدیه,سعیدیه,106,1060009,1060009001
106000900020001,الله اکبر,بستان,106,1060009,1060009002
106000900020002,حومه شرقی,سعیدیه,106,1060009,1060009002
106000900020003,حومه غربی,حومه-غربی,106,1060009,1060009002
107000100040001,ایزدخواست,ایزدخواست,107,1070001,1070001004
107000100040003,بیدک,بیدک,107,1070001,1070001004
107000100040004,سورمق,سورمق,107,1070001,1070001004
107000100050001,خسرو شیرین,ایزدخواست,107,1070001,1070001005
107000100050002,بهمن,بهمن,107,1070001,1070001005
107000200010001,خیر,خیر,107,1070002,1070002001
107000200010002,رونیز,رونیز,107,1070002,1070002001
107000200020001,ایج,خیر,107,1070002,1070002002
107000300010001,اسپاس,آسپاس,107,1070003,1070003001
107000300010002,دژکرد,دژکرد,107,1070003,1070003001
107000300010003,سده,سده,107,1070003,1070003001
107000300020003,خنجشت,سده,107,1070003,1070003002
107000300020004,شهرمیان,شهرمیان,107,1070003,1070003002
107000300030001,احمدآباد,آسپاس,107,1070003,1070003003
107000300030002,حسن آباد,دژکرد,107,1070003,1070003003
107000300030003,بکان,سده,107,1070003,1070003003
107000400020001,پشت پر,پشت-پر,107,1070004,1070004002
107000400020002,پل به بالا,پل-به-بالا,107,1070004,1070004002
107000400020003,پل به پایین,پل-به-پایین,107,1070004,1070004002
107000400030001,علویه,پشت-پر,107,1070004,1070004003
107000400030002,قطب آباد,پل-به-بالا,107,1070004,1070004003
107000400040001,جلگاه,پشت-پر,107,1070004,1070004004
107000400040002,کوهک,پل-به-بالا,107,1070004,1070004004
107000500020002,رستاق,رستاق,107,1070005,1070005002
107000500020004,کوهستان,کوهستان,107,1070005,1070005002
107000500030001,بالش,بالش,107,1070005,1070005003
107000500030003,بختاجرد,بختاجرد,107,1070005,1070005003
107000500030007,نصروان,نصروان,107,1070005,1070005003
107000500030008,هشیوار,هشیوار,107,1070005,1070005003
107000500040001,آبشور,بالش,107,1070005,1070005004
107000500040002,فورگ,رستاق,107,1070005,1070005004
107000500050001,قلعه بیابان,بالش,107,1070005,1070005005
107000500050002,قریه الخیر,رستاق,107,1070005,1070005005
107000500060001,فسارود,بالش,107,1070005,1070005006
107000500060002,پاسخن,رستاق,107,1070005,1070005006
107000600020001,خفری,خفری,107,1070006,1070006002
107000600020002,کمهر,کمهر,107,1070006,1070006002
107000600020003,شش پیر,شش-پیر,107,1070006,1070006002
107000600030001,سرناباد,خفری,107,1070006,1070006003
107000600030003,همایجان,شش-پیر,107,1070006,1070006003
107000700050001,بیدزرد,بیدزرد,107,1070007,1070007005
107000700050003,دراک,دراک,107,1070007,1070007005
107000700050006,قره باغ,قره-باغ,107,1070007,1070007005
107000700050008,کفترک,کفترک,107,1070007,1070007005
107000700060001,دشت ارژن,بیدزرد,107,1070007,1070007006
107000700060002,قره چمن,داریان,107,1070007,1070007006
107000700060003,کوه مره سرخی,دراک,107,1070007,1070007006
107000700070001,سیاخ,بیدزرد,107,1070007,1070007007
107000700070002,دارنگون,داریان,107,1070007,1070007007
107000700080001,داریان,بیدزرد,107,1070007,1070007008
107000700080002,تربر,داریان,107,1070007,1070007008
107000800010001,ششده,ششده,107,1070008,1070008001
107000800010002,قره بلاغ,قره-بلاغ,107,1070008,1070008001
107000800020001,فدشکوییه,ششده,107,1070008,1070008002
107000800020002,میانده,قره-بلاغ,107,1070008,1070008002
107000800030001,جنگل,ششده,107,1070008,1070008003
107000800030002,صحرارود,قره-بلاغ,107,1070008,1070008003
107000800030003,کوشک قاضی,کوشک-قاضی,107,1070008,1070008003
107000800040001,نوبندگان,ششده,107,1070008,1070008004
107000900030001,احمدآباد,احمدآباد,107,1070009,1070009003
107000900030003,جایدشت,جایدشت,107,1070009,1070009003
107000900040001,پرزیتون,احمدآباد,107,1070009,1070009004
107000900040002,خواجه ای,خواجه-ای,107,1070009,1070009004
107000900040003,دادنجان,جایدشت,107,1070009,1070009004
108000100030001,بزنجان,بزنجان,108,1080001,1080001003
108000100030005,فتح آباد,فتح-آباد,108,1080001,1080001003
108000100030006,کیسکان,کیسکان,108,1080001,1080001003
108000100030007,گوغر,گوغر,108,1080001,1080001003
108000100040001,خبر,بزنجان,108,1080001,1080001004
108000100040002,دشتاب,دشتاب,108,1080001,1080001004
108000200030001,حومه,حومه,108,1080002,1080002003
108000200030003,دریجان,دریجان,108,1080002,1080002003
108000200070001,روداب غربی,حومه,108,1080002,1080002007
108000200070002,کرک ونارتیج,کرک-ونارتیج,108,1080002,1080002007
108000200080001,ابارق,حومه,108,1080002,1080002008
108000200080002,دهبکری,کرک-ونارتیج,108,1080002,1080002008
108000300010001,دلفارد,دلفارد,108,1080003,1080003001
108000300010002,ساردوییه,ساردوییه,108,1080003,1080003001
108000300010003,گور,گور,108,1080003,1080003001
108000300020001,رضوان,دلفارد,108,1080003,1080003002
108000300020002,سغدر,ساردوییه,108,1080003,1080003002
108000300020003,مسکون,گور,108,1080003,1080003002
108000300040002,اسلام آباد,ساردوییه,108,1080003,1080003004
108000300040005,خاتون آباد,خاتون-آباد,108,1080003,1080003004
108000300040006,دولت آباد,دولت-آباد,108,1080003,1080003004
108000300040008,هلیل,هلیل,108,1080003,1080003004
108000300050001,اسماعیلی,دلفارد,108,1080003,1080003005
108000300050002,حسین آباد,ساردوییه,108,1080003,1080003005
108000300050003,گنج آباد,گور,108,1080003,1080003005
108000300060001,اسفندقه,دلفارد,108,1080003,1080003006
108000300060002,فردوس,ساردوییه,108,1080003,1080003006
108000400020001,آزادگان,آزادگان,108,1080004,1080004002
108000400020002,اسلامیه,اسلامیه,108,1080004,1080004002
108000400020004,خنامان,خنامان,108,1080004,1080004002
108000400020005,دره دران,دره-دران,108,1080004,1080004002
108000400020007,رزم آوران,رزم-آوران,108,1080004,1080004002
108000400020009,سرچشمه,سرچشمه,108,1080004,1080004002
108000400020012,قاسم آباد,قاسم-آباد,108,1080004,1080004002
108000400020013,کبوترخان,کبوترخان,108,1080004,1080004002
108000400030001,راویز,آزادگان,108,1080004,1080004003
108000400030002,شریف آباد,اسلامیه,108,1080004,1080004003
108000400030003,کشکوییه,کشکوییه,108,1080004,1080004003
108000400040001,بهرمان,آزادگان,108,1080004,1080004004
108000400050001,رضوان,آزادگان,108,1080004,1080004005
108000400050002,فردوس,اسلامیه,108,1080004,1080004005
108000500020001,اسلام آباد,اسلام-آباد,108,1080005,1080005002
108000500020002,جرجافک,جرجافک,108,1080005,1080005002
108000500020004,دشت خاک,دشت-خاک,108,1080005,1080005002
108000500020005,سربنان,سربنان,108,1080005,1080005002
108000500020008,محمدآباد,محمدآباد,108,1080005,1080005002
108000500020009,وحدت,وحدت,108,1080005,1080005002
108000500020011,خانوک,خانوک,108,1080005,1080005002
108000500020012,حتکن,حتکن,108,1080005,1080005002
108000500030001,سیریز,اسلام-آباد,108,1080005,1080005003
108000500030002,یزدان آباد,جرجافک,108,1080005,1080005003
108000500030003,شعبجره,شعبجره,108,1080005,1080005003
108000600010006,شریف آباد,شریف-آباد,108,1080006,1080006001
108000600010010,نجف آباد,نجف-آباد,108,1080006,1080006001
108000600020001,پاریز,پاریز,108,1080006,1080006002
108000600020002,سعادت آباد,سعادت-آباد,108,1080006,1080006002
108000600030001,گلستان,پاریز,108,1080006,1080006003
108000600030002,ملک آباد,سعادت-آباد,108,1080006,1080006003
108000600040001,زیدآباد,پاریز,108,1080006,1080006004
108000600040002,محمودآبادسید,سعادت-آباد,108,1080006,1080006004
108000600050001,بلورد,پاریز,108,1080006,1080006005
108000600050002,چهارگنبد,سعادت-آباد,108,1080006,1080006005
108000700010001,استبرق,استبرق,108,1080007,1080007001
108000700010002,پاقلعه,پاقلعه,108,1080007,1080007001
108000700010004,خاتون آباد,خاتون-آباد,108,1080007,1080007001
108000700010006,خورسند,خورسند,108,1080007,1080007001
108000700010008,مدوارات,مدوارات,108,1080007,1080007001
108000700010009,میمند,میمند,108,1080007,1080007001
108000700020001,جوزم,استبرق,108,1080007,1080007002
108000700020002,خبر,پاقلعه,108,1080007,1080007002
108000700020003,دهج,دهج,108,1080007,1080007002
108000800020001,اندوهجرد,جوشان,108,1080008,1080008002
108000800020002,تکاب,کشیت,108,1080008,1080008002
108000800020003,سیرچ,سیرچ,108,1080008,1080008002
108000800030001,جوشان,جوشان,108,1080008,1080008003
108000800030002,کشیت,کشیت,108,1080008,1080008003
108000800040001,قناتغستان,جوشان,108,1080008,1080008004
108000800040002,ماهان,کشیت,108,1080008,1080008004
108000800050001,اختیارآباد,جوشان,108,1080008,1080008005
108000800050002,باغین,کشیت,108,1080008,1080008005
108000800050004,درختنگان,درختنگان,108,1080008,1080008005
108000800050005,زنگی آباد,زنگی-آباد,108,1080008,1080008005
108000800050006,سرآسیاب فرسنگی,سرآسیاب-فرسنگی,108,1080008,1080008005
108000800060001,حسین آبادگروه,جوشان,108,1080008,1080008006
108000800060002,راین,کشیت,108,1080008,1080008006
108000800070002,کویرات,کشیت,108,1080008,1080008007
108000800070003,معزیه,سیرچ,108,1080008,1080008007
108000900040004,نخلستان,نخلستان,108,1080009,1080009004
108000900040005,ده کهان,ده-کهان,108,1080009,1080009004
108000900040006,کوتک,کوتک,108,1080009,1080009004
108000900050001,چاه ریگان,چاه-ریگان,108,1080009,1080009005
108000900050002,حومه,حومه,108,1080009,1080009005
109000400020001,پایین ولایت,پایین-ولایت,109,1090004,1090004002
109000400020002,کرات,کرات,109,1090004,1090004002
109000400030002,دشت تایباد,کرات,109,1090004,1090004003
109000400030003,کوهسنگی,کوهسنگی,109,1090004,1090004003
109000500010001,بایک,بایک,109,1090005,1090005001
109000500050003,کدکن,کدکن,109,1090005,1090005005
109000500050005,رقیچه,رقیچه,109,1090005,1090005005
109000500060001,بالا ولایت,بایک,109,1090005,1090005006
109000500060002,پایین ولایت,پایین-ولایت,109,1090005,1090005006
109000500070002,پایین رخ,پایین-ولایت,109,1090005,1090005007
109000500070003,میان رخ,کدکن,109,1090005,1090005007
109000500070004,بالا رخ,بالا-رخ,109,1090005,1090005007
109000600020003,جامرود,جامرود,109,1090006,1090006002
109000600020004,جلگه موسی آباد,جلگه-موسی-آباد,109,1090006,1090006002
109000600020005,میان جام,میان-جام,109,1090006,1090006002
109000600030001,بالاجام,دشت-جام,109,1090006,1090006003
109000600030002,کاریزان,هریرود,109,1090006,1090006003
109000600040001,دشت جام,دشت-جام,109,1090006,1090006004
109000600040002,هریرود,هریرود,109,1090006,1090006004
109000600050001,زام,دشت-جام,109,1090006,1090006005
109000600050002,گل بانو,هریرود,109,1090006,1090006005
109000700010001,قره باشلو,قره-باشلو,109,1090007,1090007001
109000700010002,میانکوه,میانکوه,109,1090007,1090007001
109000700020001,دیباج,قره-باشلو,109,1090007,1090007002
109000700020002,زنگلانلو,میانکوه,109,1090007,1090007002
109000700030001,تکاب,قره-باشلو,109,1090007,1090007003
109000700040001,درونگر,قره-باشلو,109,1090007,1090007004
109000700040002,شهرستانه,میانکوه,109,1090007,1090007004
109000800050001,خواشد,خواشد,109,1090008,1090008005
109000800050002,فروغن,فروغن,109,1090008,1090008005
109000800050003,کوه همایی,کوه-همایی,109,1090008,1090008005
109000800070001,رباط,خواشد,109,1090008,1090008007
109000800070002,قصبه شرقی,فروغن,109,1090008,1090008007
109000800070003,قصبه غربی,کوه-همایی,109,1090008,1090008007
109000800070004,کراب,کراب,109,1090008,1090008007
110000100010001,برزاوند,برزاوند,110,1100001,1100001001
110000100010003,علیا,علیا,110,1100001,1100001001
110000100010004,کچو,کچو,110,1100001,1100001001
110000100020001,سفلی,برزاوند,110,1100001,1100001002
110000100020002,ریگستان,ریگستان,110,1100001,1100001002
110000100030001,گرمسیر,برزاوند,110,1100001,1100001003
110000100030002,همبرات,ریگستان,110,1100001,1100001003
110000200030001,براآن جنوبی,براآن-جنوبی,110,1100002,1100002003
110000200030002,براآن شمالی,براآن-شمالی,110,1100002,1100002003
110000200030003,جی,جی,110,1100002,1100002003
110000200030004,قهاب جنوبی,قهاب-جنوبی,110,1100002,1100002003
110000200030005,قهاب شمالی,قهاب-شمالی,110,1100002,1100002003
110000200030006,کرارج,کرارج,110,1100002,1100002003
110000200030007,محمودآباد,محمودآباد,110,1100002,1100002003
110000300010001,ماربین سفلی,ماربین-سفلی,110,1100003,1100003001
110000300010002,ماربین علیا,ماربین-علیا,110,1100003,1100003001
110000300010003,ماربین وسطی,ماربین-وسطی,110,1100003,1100003001
110000400010001,گلسار,گلسار,110,1100004,1100004001
110000400010002,چشمه سار,چشمه-سار,110,1100004,1100004001
110000400010003,کوهسار,کوهسار,110,1100004,1100004001
110000500010001,پادنا سفلی,وردشت,110,1100005,1100005001
110000500010003,پادنا وسطی,پادنا-وسطی,110,1100005,1100005001
110000500020001,حنا,وردشت,110,1100005,1100005002
110000500020003,ونک,پادنا-وسطی,110,1100005,1100005002
110000500030001,پادنا علیا,وردشت,110,1100005,1100005003
110000500030002,برآفتاب,برآفتاب,110,1100005,1100005003
110000500040001,وردشت,وردشت,110,1100005,1100005004
110000500040002,دره شور,برآفتاب,110,1100005,1100005004
110000600030001,دالانکوه,دالانکوه,110,1100006,1100006003
110000600030002,زاینده رود شمالی,زاینده-رود-شمالی,110,1100006,1100006003
110000600030004,ورزق جنوبی,ورزق-جنوبی,110,1100006,1100006003
110000600040001,ورزق,دالانکوه,110,1100006,1100006004
110000600040002,قره بیشه,زاینده-رود-شمالی,110,1100006,1100006004
110000700010001,برف انبار,برف-انبار,110,1100007,1100007001
110000700010004,چشمه لنگان,چشمه-لنگان,110,1100007,1100007001
110000700010005,عشایر,عشایر,110,1100007,1100007001
110000700020001,پشتکوه موگویی,برف-انبار,110,1100007,1100007002
110000700020002,پیشکوه موگویی,پیشکوه-موگویی,110,1100007,1100007002
110000800010002,گرکن شمالی,گرکن-شمالی,110,1100008,1100008001
110000800010003,سهروفیروزان,سهروفیروزان,110,1100008,1100008001
110000800020001,ابریشم,ابریشم,110,1100008,1100008002
110000800020004,اشترجان,اشترجان,110,1100008,1100008002
110000800030001,گلستان,ابریشم,110,1100008,1100008003
110000800030002,زازران,گرکن-شمالی,110,1100008,1100008003
110000900020001,اسفرجان,اسفرجان,110,1100009,1100009002
110000900020002,دشت,دشت,110,1100009,1100009002
110000900020003,منظریه,منظریه,110,1100009,1100009002
110000900020004,کهرویه,کهرویه,110,1100009,1100009002
111000100010001,آب رییس,آب-رییس,111,1110001,1110001001
111000100010002,بزمان,بزمان,111,1110001,1110001001
111000100050001,ابتر,آب-رییس,111,1110001,1110001005
111000100050002,حومه,بزمان,111,1110001,1110001005
111000100060001,دامن,آب-رییس,111,1110001,1110001006
111000100060002,آبادان,بزمان,111,1110001,1110001006
111000200020004,کمبل سلیمان,کمبل-سلیمان,111,1110002,1110002002
111000200020005,وشنام دری,وشنام-دری,111,1110002,1110002002
111000200040001,پلان,پلان,111,1110002,1110002004
111000200050001,پیرسهراب,پلان,111,1110002,1110002005
111000200050002,بجاربازار,بجاربازار,111,1110002,1110002005
111000300010003,سنگان,سنگان,111,1110003,1110003001
111000300010004,کارواندر,کارواندر,111,1110003,1110003001
111000300010005,کوه سفید,کوه-سفید,111,1110003,1110003001
111000300010006,اسماعیل آباد,اسماعیل-آباد,111,1110003,1110003001
111000300030001,ایرندگان,ایرندگان,111,1110003,1110003003
111000300030002,کهنوک,کهنوک,111,1110003,1110003003
111000300040001,پشتکوه,ایرندگان,111,1110003,1110003004
111000300040002,بیلری,کهنوک,111,1110003,1110003004
111000400040001,بنجار,بنجار,111,1110004,1110004004
111000400040002,حیدرآباد,حیدرآباد,111,1110004,1110004004
111000400050001,کرباسک,بنجار,111,1110004,1110004005
111000400050002,ژاله ای,حیدرآباد,111,1110004,1110004005
111000500010001,چشمه زیارت,چشمه-زیارت,111,1110005,1110005001
111000500010002,حرمک,حرمک,111,1110005,1110005001
111000500030001,دومک,چشمه-زیارت,111,1110005,1110005003
111000500030002,نصرت آباد,حرمک,111,1110005,1110005003
111000500040001,کورین,چشمه-زیارت,111,1110005,1110005004
111000500040002,شورو,حرمک,111,1110005,1110005004
111000600040002,حومه,حومه,111,1110006,1110006004
111000600040005,گشت,گشت,111,1110006,1110006004
111000600040006,ناهوک,ناهوک,111,1110006,1110006004
111000600050001,بم پشت,بم-پشت,111,1110006,1110006005
111000600050002,کشتگان,حومه,111,1110006,1110006005
111000600060001,کوهک,بم-پشت,111,1110006,1110006006
111000600060002,اسفندک,حومه,111,1110006,1110006006
111000700010001,بنت,بنت,111,1110007,1110007001
111000700010002,توتان ومهمدان,توتان-ومهمدان,111,1110007,1110007001
111000700010003,دستگرد,دستگرد,111,1110007,1110007001
111000700050001,چاهان,بنت,111,1110007,1110007005
111000700050002,مخت,توتان-ومهمدان,111,1110007,1110007005
111000700050003,مهبان,دستگرد,111,1110007,1110007005
111000700050004,هیچان,هیچان,111,1110007,1110007005
111000700060001,چانف,بنت,111,1110007,1110007006
111000700060002,کهیری,توتان-ومهمدان,111,1110007,1110007006
111000800010001,پیشین,پیشین,111,1110008,1110008001
111000800010003,زردبن,زردبن,111,1110008,1110008001
111000800030002,راسک و فیروزآباد,راسک-و-فیروزآباد,111,1110008,1110008003
111000800030004,جکیگور,جکیگور,111,1110008,1110008003
111000800050001,پارود,پیشین,111,1110008,1110008005
111000800050003,مورتان,زردبن,111,1110008,1110008005
111000900020001,جهلیان,جهلیان,111,1110009,1110009002
111000900020003,بانسنت,بانسنت,111,1110009,1110009002
111000900030001,تنگ,جهلیان,111,1110009,1110009003
111000900030002,کهیر,کهیر,111,1110009,1110009003
112000100010001,پشت آربابا,پشت-آربابا,112,1120001,1120001001
112000100010003,بله که,بله-که,112,1120001,1120001001
112000100020001,شوی,پشت-آربابا,112,1120001,1120001002
112000100030001,کانی سور,پشت-آربابا,112,1120001,1120001003
112000100030002,نمه شیر,نمه-شیر,112,1120001,1120001003
112000100030003,بوالحسن,بله-که,112,1120001,1120001003
112000100040001,بویین,پشت-آربابا,112,1120001,1120001004
112000100040003,ننور,بله-که,112,1120001,1120001004
112000200010001,بابارشانی,طغامین,112,1120002,1120002001
112000200010002,پیرتاج,کرانی,112,1120002,1120002001
112000200010003,خسروآباد,خسروآباد,112,1120002,1120002001
112000200020001,طغامین,طغامین,112,1120002,1120002002
112000200020002,کرانی,کرانی,112,1120002,1120002002
112000200020003,گرگین,خسروآباد,112,1120002,1120002002
112000200030001,حومه,طغامین,112,1120002,1120002003
112000200030002,خورخوره,کرانی,112,1120002,1120002003
112000200030004,سیلتان,سیلتان,112,1120002,1120002003
112000200030005,نجف آباد,نجف-آباد,112,1120002,1120002003
112000200030006,سیاه منصور,سیاه-منصور,112,1120002,1120002003
112000300010004,گل تپه,گل-تپه,112,1120003,1120003001
112000300010005,صاحب,صاحب,112,1120003,1120003001
112000300020001,ترجان,ترجان,112,1120003,1120003002
112000300020002,تموغه,تموغه,112,1120003,1120003002
112000300020003,سرا,سرا,112,1120003,1120003002
112000300020006,میرده,میرده,112,1120003,1120003002
112000300030001,چهل چشمه غربی,ترجان,112,1120003,1120003003
112000300030002,ذوالفقار,تموغه,112,1120003,1120003003
112000300040001,امام,ترجان,112,1120003,1120003004
112000300040002,تیلکوه,تموغه,112,1120003,1120003004
112000300040003,خورخوره,سرا,112,1120003,1120003004
112000400030001,آبیدر,آبیدر,112,1120004,1120004003
112000400030002,آرندان,آرندان,112,1120004,1120004003
112000400030004,حومه,حومه,112,1120004,1120004003
112000400030006,نران,نران,112,1120004,1120004003
112000400030007,سراب قامیش,سراب-قامیش,112,1120004,1120004003
112000400040001,ژاورودغربی,آبیدر,112,1120004,1120004004
112000400040002,کلاترزان,آرندان,112,1120004,1120004004
112000400040003,نگل,نگل,112,1120004,1120004004
112000400050001,حسین آبادجنوبی,آبیدر,112,1120004,1120004005
112000400050002,حسین آبادشمالی,آرندان,112,1120004,1120004005
112000400060001,ژاورودشرقی,آبیدر,112,1120004,1120004006
112000400060002,میانرود,آرندان,112,1120004,1120004006
112000500020001,بدر,بدر,112,1120005,1120005002
112000500020002,پنجه علی شمالی,پنجه-علی-شمالی,112,1120005,1120005002
112000500020003,پنجه علی جنوبی,پنجه-علی-جنوبی,112,1120005,1120005002
112000500030001,قصلان,بدر,112,1120005,1120005003
112000500030002,لک,پنجه-علی-شمالی,112,1120005,1120005003
112000500030003,یالغوزآغاج,پنجه-علی-جنوبی,112,1120005,1120005003
112000500040001,چهاردولی شرقی,بدر,112,1120005,1120005004
112000500040002,چهاردولی غربی,پنجه-علی-شمالی,112,1120005,1120005004
112000500050001,دلبران,بدر,112,1120005,1120005005
112000500050002,مالوجه,پنجه-علی-شمالی,112,1120005,1120005005
112000600010001,خاوومیرآباد,خاوومیرآباد,112,1120006,1120006001
112000600020001,سرشیو,خاوومیرآباد,112,1120006,1120006002
112000600020002,گلچیدر,گلچیدر,112,1120006,1120006002
112000600030001,زریوار,خاوومیرآباد,112,1120006,1120006003
112000600030002,سرکل,گلچیدر,112,1120006,1120006003
112000600030003,کوماسی,کوماسی,112,1120006,1120006003
112000700010001,اوباتو,اوباتو,112,1120007,1120007001
112000700010002,زرینه,زرینه,112,1120007,1120007001
112000700010003,کانی شیرین,کانی-شیرین,112,1120007,1120007001
112000700020001,چهل چشمه,اوباتو,112,1120007,1120007002
112000700020003,حومه,کانی-شیرین,112,1120007,1120007002
112000700020005,قراتوره,قراتوره,112,1120007,1120007002
112000700030002,سارال,زرینه,112,1120007,1120007003
112000700030003,کوله,کانی-شیرین,112,1120007,1120007003
112000800010001,بیلوار,بیلوار,112,1120008,1120008001
112000800010002,ژاورود,ژاورود,112,1120008,1120008001
112000800010003,شاهو,شاهو,112,1120008,1120008001
112000800020001,امیرآباد,بیلوار,112,1120008,1120008002
112000800020002,سورسور,ژاورود,112,1120008,1120008002
112000800020003,عوالان,شاهو,112,1120008,1120008002
112000800020004,گاورود,گاورود,112,1120008,1120008002
112000900010001,اورامان تخت,اورامان-تخت,112,1120009,1120009001
112000900010002,شالیار,شالیار,112,1120009,1120009001
112000900020002,بیساران,شالیار,112,1120009,1120009002
112000900020003,پایگلان,پایگلان,112,1120009,1120009002
112000900020004,رزآب,رزآب,112,1120009,1120009002
112000900020005,ژریژه,ژریژه,112,1120009,1120009002
112000900020006,کوسالان,کوسالان,112,1120009,1120009002
112000900020007,دزلی,دزلی,112,1120009,1120009002
113000100010001,قلقل رود,قلقل-رود,113,1130001,1130001001
113000100010002,کمال رود,کمال-رود,113,1130001,1130001001
113000100010003,میان رود,میان-رود,113,1130001,1130001001
113000100020001,حیقوق نبی,قلقل-رود,113,1130001,1130001002
113000100020002,خرم رود,کمال-رود,113,1130001,1130001002
113000100020003,سیدشهاب,میان-رود,113,1130001,1130001002
113000100020004,کرزان رود,کرزان-رود,113,1130001,1130001002
113000200010001,المهدی,المهدی,113,1130002,1130002001
113000200010003,ترک غربی,ترک-غربی,113,1130002,1130002001
113000200010004,جوکار,جوکار,113,1130002,1130002001
113000200020001,آورزمان,المهدی,113,1130002,1130002002
113000200020002,حرم رودسفلی,حرم-رودسفلی,113,1130002,1130002002
113000200020003,سامن,ترک-غربی,113,1130002,1130002002
113000200020004,سفیدکوه,جوکار,113,1130002,1130002002
113000200030001,جوزان,المهدی,113,1130002,1130002003
113000200030002,حرم رودعلیا,حرم-رودسفلی,113,1130002,1130002003
113000200030006,موزاران,موزاران,113,1130002,1130002003
113000200030007,کوه سرده,کوه-سرده,113,1130002,1130002003
113000200030008,ترک شرقی,ترک-شرقی,113,1130002,1130002003
113000200040001,کمازان سفلی,المهدی,113,1130002,1130002004
113000200040002,کمازان علیا,حرم-رودسفلی,113,1130002,1130002004
113000200040003,کمازان وسطی,ترک-غربی,113,1130002,1130002004
113000300010001,خزل شرقی,خزل-شرقی,113,1130003,1130003001
113000300010002,سلگی,سلگی,113,1130003,1130003001
113000300020001,شعبان,خزل-شرقی,113,1130003,1130003002
113000300020002,طریق الاسلام,سلگی,113,1130003,1130003002
113000300020005,گاماسیاب,گاماسیاب,113,1130003,1130003002
113000300030001,فضل,خزل-شرقی,113,1130003,1130003003
113000300030002,گرین,سلگی,113,1130003,1130003003
113000300040001,سراب,خزل-شرقی,113,1130003,1130003004
113000300040002,گیان,سلگی,113,1130003,1130003004
113000400050001,جیحون دشت,جیحون-دشت,113,1130004,1130004005
113000400050002,چاه دشت,چاه-دشت,113,1130004,1130004005
113000400050003,شوردشت,الوندکوه-غربی,113,1130004,1130004005
113000400070001,ابرو,جیحون-دشت,113,1130004,1130004007
113000400070002,الوندکوه شرقی,چاه-دشت,113,1130004,1130004007
113000400070003,الوندکوه غربی,الوندکوه-غربی,113,1130004,1130004007
113000400070004,سنگستان,سنگستان,113,1130004,1130004007
113000400070005,گنبد,گنبد,113,1130004,1130004007
113000400070006,هگمتانه,هگمتانه,113,1130004,1130004007
113000500010001,علیصدر,علیصدر,113,1130005,1130005001
113000500010002,گل تپه,گل-تپه,113,1130005,1130005001
113000500010003,مهربان سفلی,مهربان-سفلی,113,1130005,1130005001
113000500020001,حاجیلو,علیصدر,113,1130005,1130005002
113000500020002,راهب,گل-تپه,113,1130005,1130005002
113000500020003,سبزدشت,مهربان-سفلی,113,1130005,1130005002
113000500020005,کوهین,کوهین,113,1130005,1130005002
113000500020007,سرداران,سرداران,113,1130005,1130005002
113000500030001,شیرین سو,علیصدر,113,1130005,1130005003
113000500030002,مهربان علیا,گل-تپه,113,1130005,1130005003
113000600010003,جلگه,جلگه,113,1130006,1130006001
113000600010004,چهاردولی,چهاردولی,113,1130006,1130006001
113000600010005,دربندرود,دربندرود,113,1130006,1130006001
113000600010006,سیدجمال الدین,سیدجمال-الدین,113,1130006,1130006001
113000600020001,پیرسلیمان,پیرسلیمان,113,1130006,1130006002
113000600020002,کلیایی,کلیایی,113,1130006,1130006002
113000700010001,سفالگران,سفالگران,113,1130007,1130007001
113000700010002,مهاجران,مهاجران,113,1130007,1130007001
113000700020002,سیمینه رود,مهاجران,113,1130007,1130007002
113000700020004,آبرومند,آبرومند,113,1130007,1130007002
113000700030001,دیمکاران,سفالگران,113,1130007,1130007003
113000700030002,صالح آباد,مهاجران,113,1130007,1130007003
113000800010002,سردرودسفلی,رزن,113,1130008,1130008001
113000800010003,سردرودعلیا,سردرودعلیا,113,1130008,1130008001
113000800030001,خرقان,خرقان,113,1130008,1130008003
113000800030002,رزن,رزن,113,1130008,1130008003
113000800040001,بغراطی,خرقان,113,1130008,1130008004
113000800040002,قینرجه,رزن,113,1130008,1130008004
113000900010001,خرمدشت,خرمدشت,113,1130009,1130009001
113000900010002,مفتح,مفتح,113,1130009,1130009001
113000900020001,پیشخور,خرمدشت,113,1130009,1130009002
113000900020002,زردشت,مفتح,113,1130009,1130009002
114000100020002,گندمان,گندمان,114,1140001,1140001002
114000100020003,دوراهان,دوراهان,114,1140001,1140001002
114000100030001,حومه,حومه,114,1140001,1140001003
114000100040001,امامزاده حمزه علی,حومه,114,1140001,1140001004
114000100040002,چغاخور,گندمان,114,1140001,1140001004
114000200020001,حومه,حومه,114,1140002,1140002002
114000200020003,طاقانک,طاقانک,114,1140002,1140002002
114000200050001,لار,حومه,114,1140002,1140002005
114000200050002,مرغملک,مرغملک,114,1140002,1140002005
114000300020002,میزدج علیا,میزدج-علیا,114,1140003,1140003002
114000300030001,سراب علیا,سراب-علیا,114,1140003,1140003003
114000300030002,سراب سفلی,میزدج-علیا,114,1140003,1140003003
114000300040001,جونقان,سراب-علیا,114,1140003,1140003004
114000300040002,میزدج سفلی,میزدج-علیا,114,1140003,1140003004
114000400020004,ریگ,ریگ,114,1140004,1140004002
114000400020007,میلاس,میلاس,114,1140004,1140004002
114000400040001,بارز,بارز,114,1140004,1140004004
114000400040002,منج,منج,114,1140004,1140004004
114000400050001,سردشت,بارز,114,1140004,1140004005
114000400050002,دودراء,منج,114,1140004,1140004005
114000500010001,پشتکوه,پشتکوه,114,1140005,1140005001
114000500010003,دیناران,دیناران,114,1140005,1140005001
114000500020001,میانکوه,پشتکوه,114,1140005,1140005002
114000500020002,شلیل,شلیل,114,1140005,1140005002
114000600010001,بازفت بالا,بازفت-بالا,114,1140006,1140006001
114000600010003,بازفت پایین,بازفت-پایین,114,1140006,1140006001
114000600020001,شورآب تنگزی,بازفت-بالا,114,1140006,1140006002
114000600020002,دشت زرین,دشت-زرین,114,1140006,1140006002
114000600020003,میان کوه موگویی,بازفت-پایین,114,1140006,1140006002
114000600030001,دوآب,بازفت-بالا,114,1140006,1140006003
114000600030002,شهریاری,دشت-زرین,114,1140006,1140006003
114000700010002,کیارغربی,کیارغربی,114,1140007,1140007001
114000700010003,خراجی,خراجی,114,1140007,1140007001
114000700020001,ناغان,ناغان,114,1140007,1140007002
114000700020002,مشایخ,کیارغربی,114,1140007,1140007002
114000700030001,کیارشرقی,ناغان,114,1140007,1140007003
114000700030002,کیار بالا,کیارغربی,114,1140007,1140007003
114000800010001,سامان,سامان,114,1140008,1140008001
114000800010002,چما,چما,114,1140008,1140008001
114000800020001,هوره,سامان,114,1140008,1140008002
114000800020002,زرین,چما,114,1140008,1140008002
114000900010001,حومه,حومه,114,1140009,1140009001
114000900010002,وردنجان,وردنجان,114,1140009,1140009001
114000900020001,شیدا,حومه,114,1140009,1140009002
114000900020002,زاینده رود جنوبی,وردنجان,114,1140009,1140009002
115000100020001,ززشرقی,ززشرقی,115,1150001,1150001002
115000100020002,ززغربی,ززغربی,115,1150001,1150001002
115000100020003,ماهرو,ماهرو,115,1150001,1150001002
115000100030003,پاچه لک شرقی,ماهرو,115,1150001,1150001003
115000100030005,خمه,خمه,115,1150001,1150001003
115000100040001,پیشکوه ذلقی,ززشرقی,115,1150001,1150001004
115000100040002,ذلقی شرقی,ززغربی,115,1150001,1150001004
115000100040003,ذلقی غربی,ماهرو,115,1150001,1150001004
115000100050001,بربرودغربی,ززشرقی,115,1150001,1150001005
115000100050002,چشمه پر,ززغربی,115,1150001,1150001005
115000100060001,بربرودشرقی,ززشرقی,115,1150001,1150001006
115000100060002,فرسش,ززغربی,115,1150001,1150001006
115000200010001,اشترینان,اشترینان,115,1150002,1150002001
115000200010002,برده سره,برده-سره,115,1150002,1150002001
115000200010003,گودرزی,گودرزی,115,1150002,1150002001
115000200020001,دره صیدی,اشترینان,115,1150002,1150002002
115000200020003,والانجرد,گودرزی,115,1150002,1150002002
115000200020004,همت آباد,همت-آباد,115,1150002,1150002002
115000200030001,شیروان شرقی,اشترینان,115,1150002,1150002003
115000200030002,شیروان غربی,برده-سره,115,1150002,1150002003
115000300020001,چم سنگر,چم-سنگر,115,1150003,1150003002
115000300020002,سپیددشت,سپیددشت,115,1150003,1150003002
115000300020004,کشور,کشور,115,1150003,1150003002
115000300020005,گریت,گریت,115,1150003,1150003002
115000300020006,تنگ هفت,تنگ-هفت,115,1150003,1150003002
115000300030001,بیرانوندجنوبی,چم-سنگر,115,1150003,1150003003
115000300030002,بیرانوندشمالی,سپیددشت,115,1150003,1150003003
115000300050001,رازان,چم-سنگر,115,1150003,1150003005
115000300050002,زاغه,سپیددشت,115,1150003,1150003005
115000300050003,قایدرحمت,قایدرحمت,115,1150003,1150003005
115000300060001,ازنا,چم-سنگر,115,1150003,1150003006
115000300060002,ده پیر جنوبی,سپیددشت,115,1150003,1150003006
115000300060003,ده پیرشمالی,قایدرحمت,115,1150003,1150003006
115000300060004,رباط,کشور,115,1150003,1150003006
115000300060005,کرگاه غربی,گریت,115,1150003,1150003006
115000300060006,کرگاه شرقی,تنگ-هفت,115,1150003,1150003006
115000300060007,کاکاشرف,کاکاشرف,115,1150003,1150003006
115000400010003,کاکاوندشرقی,کاکاوندشرقی,115,1150004,1150004001
115000400010004,کاکاوندغربی,کاکاوندغربی,115,1150004,1150004001
115000400020005,نورآباد,نورآباد,115,1150004,1150004002
115000400020006,نورعلی,نورعلی,115,1150004,1150004002
115000400030001,خاوه جنوبی,خاوه-جنوبی,115,1150004,1150004003
115000400030002,خاوه شمالی,خاوه-شمالی,115,1150004,1150004003
115000400040001,میریگ جنوبی,خاوه-جنوبی,115,1150004,1150004004
115000400040002,میریگ شمالی,خاوه-شمالی,115,1150004,1150004004
115000400050001,ایتیوندجنوبی,خاوه-جنوبی,115,1150004,1150004005
115000400050002,ایتیوندشمالی,خاوه-شمالی,115,1150004,1150004005
115000500010001,چالانچولان,چالانچولان,115,1150005,1150005001
115000500010002,سیلاخور,سیلاخور,115,1150005,1150005001
115000500020001,حشمت آباد,چالانچولان,115,1150005,1150005002
115000500020002,دورود,سیلاخور,115,1150005,1150005002
115000500020003,ژان,ژان,115,1150005,1150005002
115000600020002,طرهان شرقی,طرهان-شرقی,115,1150006,1150006002
115000600020003,طرهان غربی,طرهان-غربی,115,1150006,1150006002
115000600030001,کوه دشت جنوبی,کوه-دشت-جنوبی,115,1150006,1150006003
115000600030002,کوه دشت شمالی,طرهان-شرقی,115,1150006,1150006003
115000600030003,گل گل,طرهان-غربی,115,1150006,1150006003
115000600040001,زیرتنگ,کوه-دشت-جنوبی,115,1150006,1150006004
115000600040002,کوهنانی,طرهان-شرقی,115,1150006,1150006004
115000600050001,بلوران,کوه-دشت-جنوبی,115,1150006,1150006005
115000600050002,درب گنبد,طرهان-شرقی,115,1150006,1150006005
115000700010001,جاپلق شرقی,جاپلق-شرقی,115,1150007,1150007001
115000700010002,جاپلق غربی,جاپلق-غربی,115,1150007,1150007001
115000700020001,پاچه لک غربی,جاپلق-شرقی,115,1150007,1150007002
115000700020002,سیلاخورشرقی,جاپلق-غربی,115,1150007,1150007002
115000800010001,جایدر شمالی,جایدر-شمالی,115,1150008,1150008001
115000800010003,ملاوی,ملاوی,115,1150008,1150008001
115000800010004,میانکوه غربی,میانکوه-غربی,115,1150008,1150008001
115000800030001,جایدر جنوبی,جایدر-شمالی,115,1150008,1150008003
115000800030002,جلوگیر,جلوگیر,115,1150008,1150008003
115000900010001,فیروزآباد,فیروزآباد,115,1150009,1150009001
115000900010002,قلایی,قلایی,115,1150009,1150009001
115000900020001,دوآب,فیروزآباد,115,1150009,1150009002
115000900020002,قلعه مظفری,قلایی,115,1150009,1150009002
115000900020003,هنام,هنام,115,1150009,1150009002
115000900020004,یوسف وند,یوسف-وند,115,1150009,1150009002
116000100030001,ده پایین,ده-پایین,116,1160001,1160001003
116000100030003,کشوری,کشوری,116,1160001,1160001003
116000100040001,میش خاص,ده-پایین,116,1160001,1160001004
116000100040003,محمود آباد,کشوری,116,1160001,1160001004
116000200030001,ارمو,ارمو,116,1160002,1160002003
116000200030002,زرین دشت,زرین-دشت,116,1160002,1160002003
116000200040001,کولکنی,ارمو,116,1160002,1160002004
116000200040002,ماژین,زرین-دشت,116,1160002,1160002004
116000300010001,سیدابراهیم,سیدابراهیم,116,1160003,1160003001
116000300010002,سیدناصرالدین,سیدناصرالدین,116,1160003,1160003001
116000300020001,اناران,سیدابراهیم,116,1160003,1160003002
116000300030003,نهرعنبر,نهرعنبر,116,1160003,1160003003
116000300030004,دال پری,دال-پری,116,1160003,1160003003
116000300040001,تختان,سیدابراهیم,116,1160003,1160003004
116000300040002,گوراب,سیدناصرالدین,116,1160003,1160003004
116000300050001,دشت عباس,سیدابراهیم,116,1160003,1160003005
116000300050002,ابوغویر,سیدناصرالدین,116,1160003,1160003005
116000400020002,هلسم,هلسم,116,1160004,1160004002
116000400040001,شباب,شباب,116,1160004,1160004004
116000400040002,زنجیره,هلسم,116,1160004,1160004004
116000400050001,بیجنوند,شباب,116,1160004,1160004005
116000400050002,قلعه,هلسم,116,1160004,1160004005
116000400060001,آسمان آباد,شباب,116,1160004,1160004006
116000400060002,کل کل,هلسم,116,1160004,1160004006
116000500020001,هجداندشت,هجداندشت,116,1160005,1160005002
116000500030001,محسن آب,هجداندشت,116,1160005,1160005003
116000600010002,مورموری,مورموری,116,1160006,1160006001
116000600010003,آب انار,آب-انار,116,1160006,1160006001
116000600020002,ماسبی,مورموری,116,1160006,1160006002
116000600020003,جابرانصار,آب-انار,116,1160006,1160006002
116000600030001,وچ کبود,وچ-کبود,116,1160006,1160006003
116000600030002,سراب باغ,مورموری,116,1160006,1160006003
116000700010001,کلان,کلان,116,1160007,1160007001
116000700010002,زرنه,زرنه,116,1160007,1160007001
116000700020001,سراب,کلان,116,1160007,1160007002
116000700020002,نبوت,زرنه,116,1160007,1160007002
116000800010001,چمزی,چمزی,116,1160008,1160008001
116000800010002,شوهان,شوهان,116,1160008,1160008001
116000800020001,گچی,چمزی,116,1160008,1160008002
116000800020002,کبیرکوه,شوهان,116,1160008,1160008002
116000900010001,رودبار,رودبار,116,1160009,1160009001
116000900010002,لومار,لومار,116,1160009,1160009001
116000900020001,زنگوان,رودبار,116,1160009,1160009002
116000900020002,کارزان,لومار,116,1160009,1160009002
117000100030001,دشت روم,دشت-روم,117,1170001,1170001003
117000100030003,سررودجنوبی,سررودجنوبی,117,1170001,1170001003
117000100030004,سررودشمالی,سررودشمالی,117,1170001,1170001003
117000100030005,کاکان,کاکان,117,1170001,1170001003
117000100040001,لوداب,دشت-روم,117,1170001,1170001004
117000100040002,چین,چین,117,1170001,1170001004
117000100050001,چنار,دشت-روم,117,1170001,1170001005
117000100050002,کبگیان,چین,117,1170001,1170001005
117000100060001,سپیدار,دشت-روم,117,1170001,1170001006
117000100060002,سیوکی,چین,117,1170001,1170001006
117000200020003,طیبی سرحدی شرقی,طیبی-سرحدی-شرقی,117,1170002,1170002002
117000200020004,طیبی سرحدی غربی,طیبی-سرحدی-غربی,117,1170002,1170002002
117000200050002,دشمن زیاری,دشمن-زیاری,117,1170002,1170002005
117000200050003,دهدشت شرقی,طیبی-سرحدی-شرقی,117,1170002,1170002005
117000200050004,دهدشت غربی,طیبی-سرحدی-غربی,117,1170002,1170002005
117000200060001,بهمیی سرحدی شرقی,بهمیی-سرحدی-شرقی,117,1170002,1170002006
117000200060002,بهمیی سرحدی غربی,دشمن-زیاری,117,1170002,1170002006
117000200060003,آجم,طیبی-سرحدی-شرقی,117,1170002,1170002006
117000200070001,راک,بهمیی-سرحدی-شرقی,117,1170002,1170002007
117000200070002,طیبی گرمسیری جنوبی,دشمن-زیاری,117,1170002,1170002007
117000300020001,امامزاده جعفر,امامزاده-جعفر,117,1170003,1170003002
117000300020002,بویراحمدگرمسیری,بویراحمدگرمسیری,117,1170003,1170003002
117000300020003,بی بی حکیمه,بی-بی-حکیمه,117,1170003,1170003002
117000300020004,لیشتر,لیشتر,117,1170003,1170003002
117000400010001,پاتاوه,پاتاوه,117,1170004,1170004001
117000400010002,سادات محمودی,سادات-محمودی,117,1170004,1170004001
117000400030001,توت نده,پاتاوه,117,1170004,1170004003
117000400030002,دنا,سادات-محمودی,117,1170004,1170004003
117000500010002,سرآسیاب یوسفی,سرآسیاب-یوسفی,117,1170005,1170005001
117000500010003,آب الوان,آب-الوان,117,1170005,1170005001
117000500020001,بهمیی گرمسیری جنوبی,بهمیی-گرمسیری-جنوبی,117,1170005,1170005002
117000500020002,کفش کنان,سرآسیاب-یوسفی,117,1170005,1170005002
117000500030001,بهمیی گرمسیری شمالی,بهمیی-گرمسیری-جنوبی,117,1170005,1170005003
117000500030002,رود تلخ,سرآسیاب-یوسفی,117,1170005,1170005003
117000600010001,چرام,چرام,117,1170006,1170006001
117000600010002,الغچین,الغچین,117,1170006,1170006001
117000600020001,سرفاریاب,چرام,117,1170006,1170006002
117000600020002,پشته ذیلایی,الغچین,117,1170006,1170006002
117000700010001,سرابیز,سرابیز,117,1170007,1170007001
117000700010002,کوه مره خامی,کوه-مره-خامی,117,1170007,1170007001
117000700020001,بابویی,سرابیز,117,1170007,1170007002
117000700020002,تلخاب,کوه-مره-خامی,117,1170007,1170007002
117000800010001,طیبی گرمسیری شمالی,طیبی-گرمسیری-شمالی,117,1170008,1170008001
117000800010002,عالی طیب,عالی-طیب,117,1170008,1170008001
117000800020001,شیتاب,طیبی-گرمسیری-شمالی,117,1170008,1170008002
117000800020002,وحدت,عالی-طیب,117,1170008,1170008002
117000900010002,مارگون,مارگون,117,1170009,1170009001
117000900010003,دالون,دالون,117,1170009,1170009001
117000900020001,شورم,شورم,117,1170009,1170009002
117000900020002,زیلایی,مارگون,117,1170009,1170009002
118000100020001,انگالی,انگالی,118,1180001,1180001002
118000100020002,حومه,حومه,118,1180001,1180001002
118000100030001,دویره,انگالی,118,1180001,1180001003
118000100030002,چاه کوتاه,حومه,118,1180001,1180001003
118000200010001,بوالخیر,بوالخیر,118,1180002,1180002001
118000200010002,دلوار,دلوار,118,1180002,1180002001
118000200020001,اهرم,بوالخیر,118,1180002,1180002002
118000200020002,باغک,دلوار,118,1180002,1180002002
118000300010001,زیرراه,ارم,118,1180003,1180003001
118000300010002,وحدتیه,وحدتیه,118,1180003,1180003001
118000300020002,شبانکاره,وحدتیه,118,1180003,1180003002
118000300030003,حومه,حومه,118,1180003,1180003003
118000300030004,دالکی,دالکی,118,1180003,1180003003
118000300030005,زیارت,زیارت,118,1180003,1180003003
118000300040001,ارم,ارم,118,1180003,1180003004
118000300040002,دهرود,وحدتیه,118,1180003,1180003004
118000300050001,بوشکان,ارم,118,1180003,1180003005
118000300050002,پشتکوه,وحدتیه,118,1180003,1180003005
118000300060001,درواهی,ارم,118,1180003,1180003006
118000300060002,دشتی اسماعیل خانی,وحدتیه,118,1180003,1180003006
118000400010001,چغاپور,چغاپور,118,1180004,1180004001
118000400010002,کاکی,کاکی,118,1180004,1180004001
118000400010003,کبگان,کبگان,118,1180004,1180004001
118000400020001,خورموج,چغاپور,118,1180004,1180004002
118000400020003,مرکزئ,کبگان,118,1180004,1180004002
118000400030001,شنبه,چغاپور,118,1180004,1180004003
118000400030002,طسوج,کاکی,118,1180004,1180004003
118000500010001,بردخون,بردخون,118,1180005,1180005001
118000500010003,آبکش,آبکش,118,1180005,1180005001
118000500020002,حومه,حومه,118,1180005,1180005002
118000500020003,اولی,آبکش,118,1180005,1180005002
118000500030001,آبدان,بردخون,118,1180005,1180005003
118000500030002,سرمستان,حومه,118,1180005,1180005003
118000600020004,حومه,حومه,118,1180006,1180006002
118000600020005,تمبک,تمبک,118,1180006,1180006002
118000600030001,طاهری,طاهری,118,1180006,1180006003
118000600030002,شیرینو,شیرینو,118,1180006,1180006003
118000700020001,رودحله,رودحله,118,1180007,1180007002
118000700030001,حیات داود,رودحله,118,1180007,1180007003
118000800010001,لیراوئ جنوبی,لیراوی-جنوبی,118,1180008,1180008001
118000800010002,لیراوئ میانی,لیراوی-میانی,118,1180008,1180008001
118000800020001,لیراوئ شمالی,لیراوی-جنوبی,118,1180008,1180008002
118000800020002,حومه,لیراوی-میانی,118,1180008,1180008002
118000900010001,انارستان,انارستان,118,1180009,1180009001
118000900010002,ریز,ریز,118,1180009,1180009001
118000900010003,تشان,تشان,118,1180009,1180009001
118000900020001,جم,انارستان,118,1180009,1180009002
118000900020002,کورئ,ریز,118,1180009,1180009002
119000100030001,ابهررود,ابهررود,119,1190001,1190001003
119000100030002,حومه,حومه,119,1190001,1190001003
119000100030003,درسجین,درسجین,119,1190001,1190001003
119000100030004,دولت آباد,دولت-آباد,119,1190001,1190001003
119000100030005,صایین قلعه,صایین-قلعه,119,1190001,1190001003
119000300010001,شیوانات,شیوانات,119,1190003,1190003001
119000300010002,قشلاقات افشار,قشلاقات-افشار,119,1190003,1190003001
119000300020001,بزینه رود,شیوانات,119,1190003,1190003002
119000300020002,زرینه رود,قشلاقات-افشار,119,1190003,1190003002
119000300030003,خرارود,خرارود,119,1190003,1190003003
119000300030005,سهرورد,سهرورد,119,1190003,1190003003
119000300030006,کرسف,کرسف,119,1190003,1190003003
119000300040001,آق بلاغ,شیوانات,119,1190003,1190003004
119000300040002,سجاس رود,قشلاقات-افشار,119,1190003,1190003004
119000300050001,توپقره,شیوانات,119,1190003,1190003005
119000300050002,حومه,قشلاقات-افشار,119,1190003,1190003005
119000400020001,چایپاره بالا,چایپاره-بالا,119,1190004,1190004002
119000400020003,زنجانرودپایین,زنجانرودپایین,119,1190004,1190004002
119000400020004,چایپاره پایین,چایپاره-پایین,119,1190004,1190004002
119000400020005,غنی بیگلو,غنی-بیگلو,119,1190004,1190004002
119000400050003,بناب,زنجانرودپایین,119,1190004,1190004005
119000400050004,بوغداکندی,چایپاره-پایین,119,1190004,1190004005
119000400050005,تهم,غنی-بیگلو,119,1190004,1190004005
119000400050006,زنجانرودبالا,زنجانرودبالا,119,1190004,1190004005
119000400050010,معجزات,معجزات,119,1190004,1190004005
119000400050011,قلتوق,قلتوق,119,1190004,1190004005
119000400060001,قره پشتلوبالا,چایپاره-بالا,119,1190004,1190004006
119000400060002,قره پشتلوپایین,قره-پشتلوپایین,119,1190004,1190004006
119000400060003,سهرین,زنجانرودپایین,119,1190004,1190004006
119000600010001,ایجرودپایین,ایجرودپایین,119,1190006,1190006001
119000600020001,ایجرودبالا,ایجرودپایین,119,1190006,1190006002
119000600020002,گلابر,گلابر,119,1190006,1190006002
119000600020003,سعیدآباد,سعیدآباد,119,1190006,1190006002
119000700010001,الوند,الوند,119,1190007,1190007001
119000700010002,خرمدره,خرمدره,119,1190007,1190007001
119000800010001,چورزق,چورزق,119,1190008,1190008001
119000800010002,دستجرده,دستجرده,119,1190008,1190008001
119000800020001,آب بر,چورزق,119,1190008,1190008002
119000800020002,درام,دستجرده,119,1190008,1190008002
119000800030001,گیلوان,چورزق,119,1190008,1190008003
119000800030002,تشویر,دستجرده,119,1190008,1190008003
119000900010001,انگوران,انگوران,119,1190009,1190009001
119000900010002,قلعه جوق,قلعه-جوق,119,1190009,1190009001
119000900020001,اوریاد,انگوران,119,1190009,1190009002
119000900020004,قزل گچیلو,قزل-گچیلو,119,1190009,1190009002
119000900020005,ماه نشان,ماه-نشان,119,1190009,1190009002
120000100010001,قهاب رستاق,قهاب-رستاق,120,1200001,1200001001
120000100010002,قهاب صرصر,قهاب-صرصر,120,1200001,1200001001
120000100010003,تویه دروار,تویه-دروار,120,1200001,1200001001
120000100020001,حومه,قهاب-رستاق,120,1200001,1200001002
120000100020002,دامنکوه,قهاب-صرصر,120,1200001,1200001002
120000100020003,رودبار,تویه-دروار,120,1200001,1200001002
120000200010001,حومه,حومه,120,1200002,1200002001
120000300010001,خرقان,خرقان,120,1200003,1200003001
120000300010002,کلاته های غربی,کلاته-های-غربی,120,1200003,1200003001
120000300020001,بیارجمند,خرقان,120,1200003,1200003002
120000300020002,خوارتوران,کلاته-های-غربی,120,1200003,1200003002
120000300030001,حومه,خرقان,120,1200003,1200003003
120000300030002,دهملا,کلاته-های-غربی,120,1200003,1200003003
120000300030003,طرود,طرود,120,1200003,1200003003
120000400010002,ایوانکی,ایوانکی,120,1200004,1200004001
120000400020001,حومه,حومه,120,1200004,1200004002
120000400020004,لجران,لجران,120,1200004,1200004002
120000500010001,پشتکوه,پشتکوه,120,1200005,1200005001
120000500010002,چاشم,چاشم,120,1200005,1200005001
120000500020001,درجزین,پشتکوه,120,1200005,1200005002
120000600010001,یاتری,یاتری,120,1200006,1200006001
120000600010002,حسین آباد کردها,حسین-آباد-کردها,120,1200006,1200006001
120000600020001,کهن آباد,یاتری,120,1200006,1200006002
120000600020002,فروان,حسین-آباد-کردها,120,1200006,1200006002
120000700010001,میامی,میامی,120,1200007,1200007001
120000700010002,فرومد,فرومد,120,1200007,1200007001
120000700010003,کلاته های شرقی,کلاته-های-شرقی,120,1200007,1200007001
120000700020001,رضوان,میامی,120,1200007,1200007002
120000700020002,نردین,فرومد,120,1200007,1200007002
120000800010001,لاسگرد,لاسگرد,120,1200008,1200008001
120000800010002,هفدر,هفدر,120,1200008,1200008001
121000100010002,رباطات,رباطات,121,1210001,1210001001
121000100010003,زرین,زرین,121,1210001,1210001001
121000100020002,محمدیه,رباطات,121,1210001,1210001002
121000100030001,عقدا,عقدا,121,1210001,1210001003
121000100030002,نارستان,رباطات,121,1210001,1210001003
121000200020001,مبارکه,مبارکه,121,1210002,1210002002
121000200020002,سبزدشت,سبزدشت,121,1210002,1210002002
121000200020003,کوشک,کوشک,121,1210002,1210002002
121000300020001,پیشکوه,پیشکوه,121,1210003,1210003002
121000300020002,شیرکوه,شیرکوه,121,1210003,1210003002
121000300020003,علی‌آباد,علی-آباد,121,1210003,1210003002
121000300020004,نصر‌آباد,نصر-آباد,121,1210003,1210003002
121000300020005,دهشیر,دهشیر,121,1210003,1210003002
121000300030001,بنادکوک,پیشکوه,121,1210003,1210003003
121000300030002,زردین,شیرکوه,121,1210003,1210003003
121000300030004,سخوید,نصر-آباد,121,1210003,1210003003
121000300040001,گاریزات,پیشکوه,121,1210003,1210003004
121000300040002,کهدوئیه,شیرکوه,121,1210003,1210003004
121000400010001,ارنان,ارنان,121,1210004,1210004001
121000400010002,تنگ چنار,تنگ-چنار,121,1210004,1210004001
121000400010003,خورمیز,خورمیز,121,1210004,1210004001
121000400010004,میانکوه,میانکوه,121,1210004,1210004001
121000400010005,بهادران,بهادران,121,1210004,1210004001
121000500030002,فجر,فجر,121,1210005,1210005003
121000500030003,فهرج,فهرج,121,1210005,1210005003
121000500050001,دهنو,دهنو,121,1210005,1210005005
121000500050002,اکرم آباد,فجر,121,1210005,1210005005
121000600010002,شهدا,شهدا,121,1210006,1210006001
121000600020001,ندوشن,ندوشن,121,1210006,1210006002
121000600020002,صدرآباد,شهدا,121,1210006,1210006002
121000600030001,بفروییه,ندوشن,121,1210006,1210006003
121000600030002,درین,شهدا,121,1210006,1210006003
121000700010001,اسفندار,اسفندار,121,1210007,1210007001
121000700010002,مهرآباد,مهرآباد,121,1210007,1210007001
121000700020001,تیرجرد,اسفندار,121,1210007,1210007002
121000700020002,فراغه,مهرآباد,121,1210007,1210007002
121000800010001,کذاب,رستاق,121,1210008,1210008001
121000800020001,رستاق,رستاق,121,1210008,1210008002
121000900010002,فتح‌آباد,فتح-آباد,121,1210009,1210009001
121000900030001,چاهک,چاهک,121,1210009,1210009003
121000900030002,شهریاری,فتح-آباد,121,1210009,1210009003
122000100010001,تنب,تنب,122,1220001,1220001001
122000100020003,سیری,سیری,122,1220001,1220001002
122000200030002,فین,فین,122,1220002,1220002003
122000200030003,گهره,گهره,122,1220002,1220002003
122000200040001,ایسین,ایسین,122,1220002,1220002004
122000200040002,تازیان,فین,122,1220002,1220002004
122000200040005,گچین,گچین,122,1220002,1220002004
122000200040007,سیاهو,سیاهو,122,1220002,1220002004
122000200040008,سرخون,سرخون,122,1220002,1220002004
122000200050001,تخت,ایسین,122,1220002,1220002005
122000200050003,جلابی,گهره,122,1220002,1220002005
122000200060002,قلعه قاضی,فین,122,1220002,1220002006
122000200060003,دهنو,گهره,122,1220002,1220002006
122000200080001,حسن لنگی,ایسین,122,1220002,1220002008
122000200080002,شمیل,فین,122,1220002,1220002008
122000300020001,بندر چارک,بندر-چارک,122,1220003,1220003002
122000300020002,مقام,مقام,122,1220003,1220003002
122000300030002,کیش,مقام,122,1220003,1220003003
122000300030003,لاوان,لاوان,122,1220003,1220003003
122000300050001,حومه,بندر-چارک,122,1220003,1220003005
122000300050003,مغویه,لاوان,122,1220003,1220003005
122000300060001,مهران,بندر-چارک,122,1220003,1220003006
122000300060002,دژگان,مقام,122,1220003,1220003006
122000400010002,سوزا,سوزا,122,1220004,1220004001
122000400010004,هنگام,هنگام,122,1220004,1220004001
122000400020001,حومه,حومه,122,1220004,1220004002
122000400020002,رمکان,سوزا,122,1220004,1220004002
122000400020003,لارک,لارک,122,1220004,1220004002
122000400040001,دولاب,حومه,122,1220004,1220004004
122000400040002,صلخ,سوزا,122,1220004,1220004004
122000500020001,بندر,بندر,122,1220005,1220005002
122000500020002,درپهن,درپهن,122,1220005,1220005002
122000500020003,سندرک,سندرک,122,1220005,1220005002
122000500030003,حومه,سندرک,122,1220005,1220005003
122000500030005,گوربند,گوربند,122,1220005,1220005003
122000500040001,توکهور,بندر,122,1220005,1220005004
122000500040002,چراغ آباد,درپهن,122,1220005,1220005004
122000500050001,بند زرک,بندر,122,1220005,1220005005
122000500050002,کرگان,درپهن,122,1220005,1220005005
122000500060001,تیاب,بندر,122,1220005,1220005006
122000500060002,سرباران,درپهن,122,1220005,1220005006
122000500070001,کریان,بندر,122,1220005,1220005007
122000500070002,تلنگ,درپهن,122,1220005,1220005007
122000600020001,جاسک,جاسک,122,1220006,1220006002
122000600020003,کنگان,کنگان,122,1220006,1220006002
122000600020004,گابریک,گابریک,122,1220006,1220006002
122000600030001,پی وشک,جاسک,122,1220006,1220006003
122000600030002,سورک,سورک,122,1220006,1220006003
122000700010001,رودخانه,رودخانه,122,1220007,1220007001
122000700010002,مسافرآباد,مسافرآباد,122,1220007,1220007001
122000700010003,رودخانه بر,رودخانه-بر,122,1220007,1220007001
122000700020001,آب نما,رودخانه,122,1220007,1220007002
122000700020003,فاریاب,رودخانه-بر,122,1220007,1220007002
122000700020006,راهدار,راهدار,122,1220007,1220007002
122000700020007,برنطین,برنطین,122,1220007,1220007002
122000700030001,جغین شمالی,رودخانه,122,1220007,1220007003
122000700030002,جغین جنوبی,مسافرآباد,122,1220007,1220007003
122000700040001,بیکاه,رودخانه,122,1220007,1220007004
122000700040003,اسلام آباد,رودخانه-بر,122,1220007,1220007004
122000800010002,فارغان,فارغان,122,1220008,1220008001
122000800010003,آشکارا,آشکارا,122,1220008,1220008001
122000800020001,درآگاه,درآگاه,122,1220008,1220008002
122000800020002,طارم,فارغان,122,1220008,1220008002
122000800030001,احمدی,درآگاه,122,1220008,1220008003
122000800030002,کوه شاه,فارغان,122,1220008,1220008003
122000900010001,جناح,جناح,122,1220009,1220009001
122000900010002,فرامرزان,فرامرزان,122,1220009,1220009001
122000900020001,ده تل,جناح,122,1220009,1220009002
122000900020002,فتویه,فرامرزان,122,1220009,1220009002
122000900020003,گوده,گوده,122,1220009,1220009002
122000900030001,کوخرد,جناح,122,1220009,1220009003
122000900030002,هرنگ,فرامرزان,122,1220009,1220009003
123000100010001,سولقان,سولقان,123,1230001,1230001001
123000100020001,سیاهرود,سولقان,123,1230001,1230001002
123000100030001,آفتاب,سولقان,123,1230001,1230001003
123000100030002,خلازیر,خلازیر,123,1230001,1230001003
123000200020001,ابرشیوه,ابرشیوه,123,1230002,1230002002
123000200020003,تاررود,تاررود,123,1230002,1230002002
123000200020004,جمع‌آبرود,جمع-آبرود,123,1230002,1230002002
123000200030001,آبعلی,ابرشیوه,123,1230002,1230002003
123000200030002,مهرآباد,مهرآباد,123,1230002,1230002003
123000300020001,حسن‌آباد,حسن-آباد,123,1230003,1230003002
123000300020003,کلین,کلین,123,1230003,1230003002
123000300030002,کهریزک,کهریزک,123,1230003,1230003003
123000300040002,غنی‌آباد,کهریزک,123,1230003,1230003004
123000300040003,عظیمیه,کلین,123,1230003,1230003004
123000300050001,خاوران شرقی,حسن-آباد,123,1230003,1230003005
123000300050002,خاوران‌غربی,کهریزک,123,1230003,1230003005
123000300060001,قلعه‌نو,حسن-آباد,123,1230003,1230003006
123000300060002,چاله‌طرخان,کهریزک,123,1230003,1230003006
123000400010001,رودبارقصران,رودبارقصران,123,1230004,1230004001
123000400020001,لواسان‌بزرگ,رودبارقصران,123,1230004,1230004002
123000400020002,لواسان‌کوچک,لواسان-کوچک,123,1230004,1230004002
123000600020001,بهنام عرب جنوبی,بهنام-عرب-جنوبی,123,1230006,1230006002
123000600020002,بهنام وسط‌جنوبی,بهنام-وسطجنوبی,123,1230006,1230006002
123000600030001,بهنام پازوکی جنوبی,بهنام-عرب-جنوبی,123,1230006,1230006003
123000600030003,بهنام وسط شمالی,بهنام-وسط-شمالی,123,1230006,1230006003
123000900020004,رزکان,رزکان,123,1230009,1230009002
123000900020006,قایم‌آباد,قایم-آباد,123,1230009,1230009002
123000900020008,مویز,مویز,123,1230009,1230009002
123000900020009,سعیدآباد,سعیدآباد,123,1230009,1230009002
123000900030001,جوقین,جوقین,123,1230009,1230009003
123000900030002,فردوس,فردوس,123,1230009,1230009003
124000100010001,ارشق شرقی,ارشق-شرقی,124,1240001,1240001001
124000100010002,بالغلو,بالغلو,124,1240001,1240001001
124000100010004,سردابه,سردابه,124,1240001,1240001001
124000100010005,شرقی,شرقی,124,1240001,1240001001
124000100010007,کلخوران,کلخوران,124,1240001,1240001001
124000100040001,فولادلوی جنوبی,ارشق-شرقی,124,1240001,1240001004
124000100040002,فولادلوی شمالی,بالغلو,124,1240001,1240001004
124000100040003,هیر,هیر,124,1240001,1240001004
124000100060001,غربی,ارشق-شرقی,124,1240001,1240001006
124000100060002,دوجاق,بالغلو,124,1240001,1240001006
124000200010001,انجیرلو,انجیرلو,124,1240002,1240002001
124000200010004,گوگ تپه,گوگ-تپه,124,1240002,1240002001
124000200020001,قشلاق جنوبی,انجیرلو,124,1240002,1240002002
124000200020002,قشلاق شرقی,قشلاق-شرقی,124,1240002,1240002002
124000300010001,خورش رستم جنوبی,پلنگا,124,1240003,1240003001
124000300010002,خورش رستم شمالی,خورش-رستم-شمالی,124,1240003,1240003001
124000300030001,پلنگا,پلنگا,124,1240003,1240003003
124000300030002,شال,خورش-رستم-شمالی,124,1240003,1240003003
124000300030003,شاهرود,شاهرود,124,1240003,1240003003
124000300040001,خانندبیل شرقی,پلنگا,124,1240003,1240003004
124000300040002,خانندبیل غربی,خورش-رستم-شمالی,124,1240003,1240003004
124000300040003,سنجبدشرقی,شاهرود,124,1240003,1240003004
124000400010001,ارشق شمالی,ارشق-شمالی,124,1240004,1240004001
124000400010003,ارشق مرکزی,ارشق-مرکزی,124,1240004,1240004001
124000400020001,دشت,ارشق-شمالی,124,1240004,1240004002
124000400020005,مشگین شرقی,مشگین-شرقی,124,1240004,1240004002
124000400030001,قره سو,ارشق-شمالی,124,1240004,1240004003
124000400030002,لاهرود,لاهرود,124,1240004,1240004003
124000400030003,نقدی,ارشق-مرکزی,124,1240004,1240004003
124000400040001,ارشق غربی,ارشق-شمالی,124,1240004,1240004004
124000400040002,صلوات,لاهرود,124,1240004,1240004004
124000400040003,یافت,ارشق-مرکزی,124,1240004,1240004004
124000400050001,شعبان,ارشق-شمالی,124,1240004,1240004005
124000400050002,مشگین غربی,لاهرود,124,1240004,1240004005
124000500040002,اجارودغربی,اجارودغربی,124,1240005,1240005004
124000500040003,اجارودمرکزی,اجارودمرکزی,124,1240005,1240005004
124000500040004,انی,انی,124,1240005,1240005004
124000500040005,اجارودشمالی,اجارودشمالی,124,1240005,1240005004
124000500040006,پایین برزند,پایین-برزند,124,1240005,1240005004
124000500050001,اجارودشرقی,اجارودشرقی,124,1240005,1240005005
124000500050002,آزادلو,اجارودغربی,124,1240005,1240005005
124000600010003,ساوالان,ساوالان,124,1240006,1240006001
124000600010004,اولتان,اولتان,124,1240006,1240006001
124000600030001,محمودآباد,محمودآباد,124,1240006,1240006003
124000600030002,تازه کند,تازه-کند,124,1240006,1240006003
124000600040001,اسلام آباد,محمودآباد,124,1240006,1240006004
124000600040002,شهرک,تازه-کند,124,1240006,1240006004
124000700010001,سنجبدشمالی,سنجبدشمالی,124,1240007,1240007001
124000700010002,سنجبدغربی,سنجبدغربی,124,1240007,1240007001
124000700020001,زرج آباد,سنجبدشمالی,124,1240007,1240007002
124000700020002,سنجبدجنوبی,سنجبدغربی,124,1240007,1240007002
124000800010001,ویلکیج جنوبی,ویلکیج-جنوبی,124,1240008,1240008001
124000800010002,ویلکیج مرکزی,ویلکیج-مرکزی,124,1240008,1240008001
124000800020001,دولت آباد,ویلکیج-جنوبی,124,1240008,1240008002
124000800020003,گرده,گرده,124,1240008,1240008002
124000800020004,ویلکیج شمالی,ویلکیج-شمالی,124,1240008,1240008002
124000800030001,عنبران,ویلکیج-جنوبی,124,1240008,1240008003
124000800030002,میناباد,ویلکیج-مرکزی,124,1240008,1240008003
124000900010001,دورسونخواجه,دورسونخواجه,124,1240009,1240009001
124000900010002,رضاقلی قشلاق,رضاقلی-قشلاق,124,1240009,1240009001
124000900010003,یورتچی غربی,یورتچی-غربی,124,1240009,1240009001
124000900020001,مهماندوست,دورسونخواجه,124,1240009,1240009002
124000900020002,یورتچی شرقی,رضاقلی-قشلاق,124,1240009,1240009002
125000100020001,دستجرد,دستجرد,125,1250001,1250001002
125000100030002,قمرود,قمرود,125,1250001,1250001003
125000100030003,قنوات,قنوات,125,1250001,1250001003
125000100050001,راهجردشرقی,دستجرد,125,1250001,1250001005
125000100050002,نیزار,قمرود,125,1250001,1250001005
125000200010001,جعفرآباد,جعفرآباد,125,1250002,1250002001
125000200010002,باقرآباد,باقرآباد,125,1250002,1250002001
125000200020001,قاهان,جعفرآباد,125,1250002,1250002002
125000200020002,کهندان,باقرآباد,125,1250002,1250002002
125000300010001,کرمجگان,کرمجگان,125,1250003,1250003001
125000300010002,کهک,کهک,125,1250003,1250003001
125000300020001,فردو,کرمجگان,125,1250003,1250003002
125000300020002,خاوه,کهک,125,1250003,1250003002
126000100020001,ابراهیم آباد,ابراهیم-آباد,126,1260001,1260001002
126000100020002,رامندجنوبی,رامندجنوبی,126,1260001,1260001002
126000100030001,زین آباد,ابراهیم-آباد,126,1260001,1260001003
126000100030002,قلعه هاشم,رامندجنوبی,126,1260001,1260001003
126000100040003,زهرای بالا,زهرای-بالا,126,1260001,1260001004
126000100040004,زهرای پایین,زهرای-پایین,126,1260001,1260001004
126000100040005,سگزآباد,سگزآباد,126,1260001,1260001004
126000100060001,دشتابی شرقی,ابراهیم-آباد,126,1260001,1260001006
126000100060002,دشتابی غربی,رامندجنوبی,126,1260001,1260001006
126000200010001,اک,اک,126,1260002,1260002001
126000200010002,خرم آباد,خرم-آباد,126,1260002,1260002001
126000200020001,افشاریه,اک,126,1260002,1260002002
126000200020002,رامندشمالی,خرم-آباد,126,1260002,1260002002
126000200030001,دودانگه سفلی,اک,126,1260002,1260002003
126000200030002,دودانگه علیا,خرم-آباد,126,1260002,1260002003
126000200040001,قاقازان شرقی,اک,126,1260002,1260002004
126000200040002,قاقازان غربی,خرم-آباد,126,1260002,1260002004
126000200040003,نرجه,نرجه,126,1260002,1260002004
126000300020001,الموت بالا,الموت-بالا,126,1260003,1260003002
126000300020002,الموت پایین,الموت-پایین,126,1260003,1260003002
126000300020003,معلم کلایه,معلم-کلایه,126,1260003,1260003002
126000300030001,رودبار شهرستان,الموت-بالا,126,1260003,1260003003
126000300030002,رودبار محمدزمانی,الموت-پایین,126,1260003,1260003003
126000300030003,دستجرد,معلم-کلایه,126,1260003,1260003003
126000300040001,چوقور,الموت-بالا,126,1260003,1260003004
126000300040002,خندان,الموت-پایین,126,1260003,1260003004
126000300040003,کوهگیر,معلم-کلایه,126,1260003,1260003004
126000300040004,نیارک,نیارک,126,1260003,1260003004
126000300050001,اقبال شرقی,الموت-بالا,126,1260003,1260003005
126000300050002,اقبال غربی,الموت-پایین,126,1260003,1260003005
126000300070001,ایلات قاقازان شرقی,الموت-بالا,126,1260003,1260003007
126000300070002,ایلات قاقازان غربی,الموت-پایین,126,1260003,1260003007
126000400010001,بشاریات شرقی,بشاریات-شرقی,126,1260004,1260004001
126000400010002,بشاریات غربی,بشاریات-غربی,126,1260004,1260004001
126000400020001,زیاران,بشاریات-شرقی,126,1260004,1260004002
126000400020002,کوهپایه شرقی,بشاریات-غربی,126,1260004,1260004002
126000400020003,کوهپایه غربی,کوهپایه-غربی,126,1260004,1260004002
126000500010001,حصارخروان,حصارخروان,126,1260005,1260005001
126000500010002,شریف آباد,شریف-آباد,126,1260005,1260005001
126000500020001,پیریوسفیان,حصارخروان,126,1260005,1260005002
126000500020002,نصرت آباد,شریف-آباد,126,1260005,1260005002
126000600010001,حصارولیعصر,حصارولیعصر,126,1260006,1260006001
126000600010002,خرقان غربی,خرقان-غربی,126,1260006,1260006001
126000600010003,شهیدآباد,شهیدآباد,126,1260006,1260006001
126000600020001,آبگرم,حصارولیعصر,126,1260006,1260006002
126000600020002,خرقان شرقی,خرقان-غربی,126,1260006,1260006002
127000100010001,انزان شرقی,انزان-شرقی,127,1270001,1270001001
127000100010002,انزان غربی,انزان-غربی,127,1270001,1270001001
127000100020001,بنفشه تپه,انزان-شرقی,127,1270001,1270001002
127000100020002,لیوان,انزان-غربی,127,1270001,1270001002
127000200020001,جعفربای جنوبی,جعفربای-جنوبی,127,1270002,1270002002
127000200020002,فراغی,فراغی,127,1270002,1270002002
127000200030001,قره سو غربی,جعفربای-جنوبی,127,1270002,1270002003
127000200030002,قره سو شرقی,فراغی,127,1270002,1270002003
127000300010002,کتول,کتول,127,1270003,1270003001
127000300010003,زرین گل,زرین-گل,127,1270003,1270003001
127000300020001,استرآباد,استرآباد,127,1270003,1270003002
127000300020002,شیرنگ,کتول,127,1270003,1270003002
127000400010001,چهارکوه,چهارکوه,127,1270004,1270004001
127000400010002,سدن رستاق شرقی,سدن-رستاق-شرقی,127,1270004,1270004001
127000400010003,سدن رستاق غربی,سدن-رستاق-غربی,127,1270004,1270004001
127000500020001,استرآباد جنوبی,استرآباد-جنوبی,127,1270005,1270005002
127000500020003,انجیرآب,انجیرآب,127,1270005,1270005002
127000500020004,روشن آباد,روشن-آباد,127,1270005,1270005002
127000500030001,استرآباد شمالی,استرآباد-جنوبی,127,1270005,1270005003
127000500030002,قرق,قرق,127,1270005,1270005003
127000600020001,اترک,اترک,127,1270006,1270006002
127000600020002,کرند,کرند,127,1270006,1270006002
127000600040001,آق آباد,اترک,127,1270006,1270006004
127000600040002,باغلی ماراما,کرند,127,1270006,1270006004
127000600040003,فجر,فجر,127,1270006,1270006004
127000600040004,سلطانعلی,سلطانعلی,127,1270006,1270006004
127000700040001,چهل چای,چهل-چای,127,1270007,1270007004
127000700040002,قلعه قافه,قلعه-قافه,127,1270007,1270007004
127000700050001,گرو,چهل-چای,127,1270007,1270007005
127000700050002,سرگل,قلعه-قافه,127,1270007,1270007005
127000800010001,مزرعه جنوبی,مزرعه-جنوبی,127,1270008,1270008001
127000800010002,مزرعه شمالی,مزرعه-شمالی,127,1270008,1270008001
127000800020001,آق التین,مزرعه-جنوبی,127,1270008,1270008002
127000800020002,شیخ موسی,مزرعه-شمالی,127,1270008,1270008002
127000800020003,گرگان بوی,گرگان-بوی,127,1270008,1270008002
127000900020001,آق سو,آق-سو,127,1270009,1270009002
127000900020002,تمران,عرب-داغ,127,1270009,1270009002
127000900020004,کنگور,کنگور,127,1270009,1270009002
127000900030001,زاوکوه,آق-سو,127,1270009,1270009003
127000900030002,عرب داغ,عرب-داغ,127,1270009,1270009003
128000100020001,آذری,آذری,128,1280001,1280001002
128000100020004,رویین,رویین,128,1280001,1280001002
128000100020005,میلانلو,میلانلو,128,1280001,1280001002
128000100030001,زرق آباد,آذری,128,1280001,1280001003
128000100030002,دامن کوه,دامن-کوه,128,1280001,1280001003
128000200040001,آلاداغ,آلاداغ,128,1280002,1280002004
128000200040002,باباامان,باباامان,128,1280002,1280002004
128000200040003,بدرانلو,بدرانلو,128,1280002,1280002004
128000200050001,گرمخان,آلاداغ,128,1280002,1280002005
128000200050002,گیفان,باباامان,128,1280002,1280002005
128000300010001,چهارده سنخواست,چهارده-سنخواست,128,1280003,1280003001
128000300010002,دربند,دربند,128,1280003,1280003001
128000300020001,شوقان,چهارده-سنخواست,128,1280003,1280003002
128000300020002,طبر,دربند,128,1280003,1280003002
128000300030002,میان دشت,دربند,128,1280003,1280003003
128000400010001,تکمران,تکمران,128,1280004,1280004001
128000400010002,جیرستان,جیرستان,128,1280004,1280004001
128000400020001,حومه,تکمران,128,1280004,1280004002
128000400020002,زوارم,جیرستان,128,1280004,1280004002
128000400020003,زیارت,زیارت,128,1280004,1280004002
128000400020004,سیوکانلو,سیوکانلو,128,1280004,1280004002
128000400020005,گلیان,گلیان,128,1280004,1280004002
128000400030001,قوشخانه بالا,تکمران,128,1280004,1280004003
128000400030002,قوشخانه پایین,جیرستان,128,1280004,1280004003
128000500010001,تیتکانلو,تیتکانلو,128,1280005,1280005001
128000500010002,حصار,حصار,128,1280005,1280005001
128000500020001,سنگر,تیتکانلو,128,1280005,1280005002
128000500020002,شاه جهان,حصار,128,1280005,1280005002
128000500020003,فاروج,فاروج,128,1280005,1280005002
128000600010001,آلمه,آلمه,128,1280006,1280006001
128000600010002,قاضی,قاضی,128,1280006,1280006001
128000600030001,جیرانسو,آلمه,128,1280006,1280006003
128000600030002,حومه,قاضی,128,1280006,1280006003
128000700010001,گلستان,گلستان,128,1280007,1280007001
128000700010002,بالا دشت,بالا-دشت,128,1280007,1280007001
128000800010001,راز,راز,128,1280008,1280008001
128000800010002,باغلق,باغلق,128,1280008,1280008001
128000800020001,غلامان,راز,128,1280008,1280008002
128000800020002,راستقان,باغلق,128,1280008,1280008002
128000800030001,جرگلان,راز,128,1280008,1280008003
128000800030002,حصارچه,باغلق,128,1280008,1280008003
128000900010001,صفی آباد,صفی-آباد,128,1280009,1280009001
128000900010002,دهنه شیرین,دهنه-شیرین,128,1280009,1280009001
128000900020001,بام,صفی-آباد,128,1280009,1280009002
128000900020002,ساریگل,دهنه-شیرین,128,1280009,1280009002
129000100040001,القورات,القورات,129,1290001,1290001004
129000100040003,شاخنات,شاخنات,129,1290001,1290001004
129000100040004,فشارود,فشارود,129,1290001,1290001004
129000100040005,کاهشنگ,کاهشنگ,129,1290001,1290001004
129000100040007,شاخن,شاخن,129,1290001,1290001004
129000100040008,باقران,باقران,129,1290001,1290001004
129000200010002,قهستان,قهستان,129,1290002,1290002001
129000200010003,کوشکک,کوشکک,129,1290002,1290002001
129000200020001,طبس مسینا,طبس-مسینا,129,1290002,1290002002
129000200020002,گزیک,قهستان,129,1290002,1290002002
129000200030001,درمیان,طبس-مسینا,129,1290002,1290002003
129000200030003,نوغاب,کوشکک,129,1290002,1290002003
129000200040001,فخررود,طبس-مسینا,129,1290002,1290002004
129000200040002,میاندشت,قهستان,129,1290002,1290002004
129000300010002,مومن آباد,مومن-آباد,129,1290003,1290003001
129000300010003,غیناب,غیناب,129,1290003,1290003001
129000300020001,مود,مود,129,1290003,1290003002
129000300020002,نهارجان,مومن-آباد,129,1290003,1290003002
129000300030001,لانو,مود,129,1290003,1290003003
129000300030002,درح,مومن-آباد,129,1290003,1290003003
129000400020001,پیشکوه,پیشکوه,129,1290004,1290004002
129000400020002,قاین,قاین,129,1290004,1290004002
129000400020003,مهیار,نیمبلوک,129,1290004,1290004002
129000400030002,کرغند,قاین,129,1290004,1290004003
129000400030003,نیمبلوک,نیمبلوک,129,1290004,1290004003
129000400050001,آفریز,پیشکوه,129,1290004,1290004005
129000400050002,پسکوه,قاین,129,1290004,1290004005
129000400050003,سده,نیمبلوک,129,1290004,1290004005
129000500010001,شوسف,شوسف,129,1290005,1290005001
129000500010003,گرم تمام ده,گرم-تمام-ده,129,1290005,1290005001
129000500020001,بندان,شوسف,129,1290005,1290005002
129000500020002,میغان,میغان,129,1290005,1290005002
129000500020003,نه,گرم-تمام-ده,129,1290005,1290005002
129000500030001,عربخانه,شوسف,129,1290005,1290005003
129000500030002,سهل آباد,میغان,129,1290005,1290005003
129000500030003,سیدال,گرم-تمام-ده,129,1290005,1290005003
129000600010001,آیسک,آیسک,129,1290006,1290006001
129000600010002,مصعبی,مصعبی,129,1290006,1290006001
129000600020001,دوکوهه,آیسک,129,1290006,1290006002
129000600020002,سه قلعه,مصعبی,129,1290006,1290006002
129000700030001,باغستان,باغستان,129,1290007,1290007003
129000700030002,برون,برون,129,1290007,1290007003
129000700040001,حومه,باغستان,129,1290007,1290007004
129000800010001,علی جمال,علی-جمال,129,1290008,1290008001
129000800010002,کرند,کرند,129,1290008,1290008001
129000800020001,ارسک,علی-جمال,129,1290008,1290008002
129000800020002,رقه,کرند,129,1290008,1290008002
129000900010001,پترگان,شاسکوه,129,1290009,1290009001
129000900010002,زیرکوه,بهناباد,129,1290009,1290009001
129000900020001,افین,شاسکوه,129,1290009,1290009002
129000900020002,زهان,بهناباد,129,1290009,1290009002
129000900030001,شاسکوه,شاسکوه,129,1290009,1290009003
129000900030002,بهناباد,بهناباد,129,1290009,1290009003
130000100010001,گرمدره,گرمدره,130,1300001,1300001001
130000100010002,محمدآباد,محمدآباد,130,1300001,1300001001
130000100010003,کمال آباد,کمال-آباد,130,1300001,1300001001
130000100030001,آدران,گرمدره,130,1300001,1300001003
130000100030002,آسارا,محمدآباد,130,1300001,1300001003
130000100030003,نساء,کمال-آباد,130,1300001,1300001003
130000200010001,سعیدآباد,سعیدآباد,130,1300002,1300002001
130000200010002,هیو,هیو,130,1300002,1300002001
130000200030001,برغان,سعیدآباد,130,1300002,1300002003
130000200030002,چندار,هیو,130,1300002,1300002003
130000300010001,احمدآباد,احمدآباد,130,1300003,1300003001
130000300010002,جمال الدین,جمال-الدین,130,1300003,1300003001
130000300010003,نجم آباد,نجم-آباد,130,1300003,1300003001
130000300020001,تنکمان جنوبی,احمدآباد,130,1300003,1300003002
130000300020002,تنکمان شمالی,جمال-الدین,130,1300003,1300003002
130000400010001,میان طالقان,میان-طالقان,130,1300004,1300004001
130000400010002,پایین طالقان,پایین-طالقان,130,1300004,1300004001
130000400020001,جوستان,میان-طالقان,130,1300004,1300004002
130000400020002,کنار رود,پایین-طالقان,130,1300004,1300004002
130000500010001,صحت آباد,صحت-آباد,130,1300005,1300005001
130000500010002,ایپک,ایپک,130,1300005,1300005001
130000500020001,پلنگ آباد,صحت-آباد,130,1300005,1300005002
130000500020002,جارو,ایپک,130,1300005,1300005002
130000600010001,فردیس,فردیس,130,1300006,1300006001
130000600010002,وحدت,وحدت,130,1300006,1300006001
130000600020001,مشکین‌آباد,فردیس,130,1300006,1300006002
130000600020002,فرخ‌آباد,وحدت,130,1300006,1300006002
130000700010001,چهاردانگه,چهاردانگه,130,1300007,1300007001
130000700010002,عرب آباد افشار,عرب-آباد-افشار,130,1300007,1300007001
130000700020001,رامجین,چهاردانگه,130,1300007,1300007002
130000700020002,اغلان تپه,عرب-آباد-افشار,130,1300007,1300007002
1000001000010001,الویر,الویر,100,10000010,10000010001
1000001000010002,علیشار,علیشار,100,10000010,10000010001
1000001000010003,دوزج,دوزج,100,10000010,10000010001
1000001000020002,خشکرود,علیشار,100,10000010,10000010002
1000001000020003,رودشور,دوزج,100,10000010,10000010002
1000001000030001,رحمت آباد,الویر,100,10000010,10000010003
1000001000030002,حکیم آباد,علیشار,100,10000010,10000010003
1000001100010001,اسفندان,اسفندان,100,10000011,10000011001
1000001100010004,وفس,وفس,100,10000011,10000011001
1000001100020001,خسروبیک,اسفندان,100,10000011,10000011002
1000001100020002,میلاجرد,میلاجرد,100,10000011,10000011002
1000001200010001,اناج,خنداب,100,10000012,10000012001
1000001200010002,جاورسیان,دهچال,100,10000012,10000012001
1000001200010003,سنگ سفید,سنگ-سفید,100,10000012,10000012001
1000001200020001,خنداب,خنداب,100,10000012,10000012002
1000001200020002,دهچال,دهچال,100,10000012,10000012002
1000001300010001,فرمهین,فرمهین,100,10000013,10000013001
1000001300010002,فشک,فشک,100,10000013,10000013001
1000001300020001,خنجین,فرمهین,100,10000013,10000013002
1000001300020002,تلخاب,فشک,100,10000013,10000013002
1010001000010001,چاف,چاف,101,10100010,10100010001
1010001000010003,دیوشل,دیوشل,101,10100010,10100010001
1010001000010004,گل سفید,گل-سفید,101,10100010,10100010001
1010001000020001,اطاقور,چاف,101,10100010,10100010002
1010001000020002,لات لیل,لات-لیل,101,10100010,10100010002
1010001000030001,دریاسر,چاف,101,10100010,10100010003
1010001000030002,مریدان,لات-لیل,101,10100010,10100010003
1010001100020001,آهندان,آهندان,101,10100011,10100011002
1010001100020002,بازکیا گوراب,بازکیا-گوراب,101,10100011,10100011002
1010001100020005,لفمجان,لفمجان,101,10100011,10100011002
1010001100020006,لیالستان,لیالستان,101,10100011,10100011002
1010001100020007,لیل,لیل,101,10100011,10100011002
1010001100040001,رودبنه,آهندان,101,10100011,10100011004
1010001100040002,شیرجوپشت,بازکیا-گوراب,101,10100011,10100011004
1010001200010001,احمد سرگوراب,احمد-سرگوراب,101,10100012,10100012001
1010001200010002,چوبر,چوبر,101,10100012,10100012001
1010001200020001,جیرده,احمد-سرگوراب,101,10100012,10100012002
1010001200020002,ملاسرا,چوبر,101,10100012,10100012002
1010001300010001,سمام,سمام,101,10100013,10100013001
1010001300010002,شبخوس لات,شبخوس-لات,101,10100013,10100013001
1010001300010003,کجید,کجید,101,10100013,10100013001
1010001300020001,املش جنوبی,سمام,101,10100013,10100013002
1010001300020002,املش شمالی,شبخوس-لات,101,10100013,10100013002
1010001400010001,دیناچال,دیناچال,101,10100014,10100014001
1010001400010002,ییلاقی ارده,ییلاقی-ارده,101,10100014,10100014001
1010001400020001,خوشابر,دیناچال,101,10100014,10100014002
1010001400020002,گیل دولاب,ییلاقی-ارده,101,10100014,10100014002
1010001500010001,پیر کوه,پیر-کوه,101,10100015,10100015001
1010001500010002,دیلمان,دیلمان,101,10100015,10100015001
1010001500020001,توتکی,پیر-کوه,101,10100015,10100015002
1010001500020002,خرارود,دیلمان,101,10100015,10100015002
1010001500020003,مالفجان,مالفجان,101,10100015,10100015002
1010001600010001,شاندرمن,شاندرمن,101,10100016,10100016001
1010001600010002,شیخ نشین,شیخ-نشین,101,10100016,10100016001
1010001600020001,حومه,شاندرمن,101,10100016,10100016002
1010001600020002,ماسال,شیخ-نشین,101,10100016,10100016002
1010001700010001,چاپارخانه,چاپارخانه,101,10100017,10100017001
1010001700010002,کته سر خمام,کته-سر-خمام,101,10100017,10100017001
1010001700020001,چوکام,چاپارخانه,101,10100017,10100017002
1010001700020002,فرشکی,کته-سر-خمام,101,10100017,10100017002
1020001000020001,بالاتجن,بالاتجن,102,10200010,10200010002
1020001000020002,بیشه سر,بیشه-سر,102,10200010,10200010002
1020001000020004,علی آباد,علی-آباد,102,10200010,10200010002
1020001000020005,نوکنده کا,نوکنده-کا,102,10200010,10200010002
1020001000020006,کوهساران,کوهساران,102,10200010,10200010002
1020001400010001,اوزرود,لاویج,102,10200014,10200014001
1020001400010002,تتارستاق,تتارستاق,102,10200014,10200014001
1020001400010003,شیخ فضل اله نوری,شیخ-فضل-اله-نوری,102,10200014,10200014001
1020001400020001,لاویج,لاویج,102,10200014,10200014002
1020001400020002,میانرود,تتارستاق,102,10200014,10200014002
1020001400020003,ناتل رستاق,شیخ-فضل-اله-نوری,102,10200014,10200014002
1020001400030001,میان بند,لاویج,102,10200014,10200014003
1020001400030002,ناتل کنار سفلی,تتارستاق,102,10200014,10200014003
1020001400030003,ناتل کنار علیا,شیخ-فضل-اله-نوری,102,10200014,10200014003
1020001500020001,پنجک رستاق,پنجک-رستاق,102,10200015,10200015002
1020001500020002,توابع کجور,توابع-کجور,102,10200015,10200015002
1020001500020003,زانوس رستاق,زانوس-رستاق,102,10200015,10200015002
1020001500040001,بلده کجور,پنجک-رستاق,102,10200015,10200015004
1020001500040002,خیرودکنار,توابع-کجور,102,10200015,10200015004
1020001500040003,کالج,زانوس-رستاق,102,10200015,10200015004
1020001600020001,ساحلی,پازوار,102,10200016,10200016002
1020001600020002,بابلرود,عزیزک,102,10200016,10200016002
1020001600030001,بهنمیر,پازوار,102,10200016,10200016003
1020001600030002,عزیزک,عزیزک,102,10200016,10200016003
1020001600040001,پازوار,پازوار,102,10200016,10200016004
1020001600040002,خشکرود,عزیزک,102,10200016,10200016004
1020001800010001,دابوی شمالی,دابوی-شمالی,102,10200018,10200018001
1020001800010002,هرازپی شمالی,هرازپی-شمالی,102,10200018,10200018001
1020001800020001,اهلمرستاق جنوبی,دابوی-شمالی,102,10200018,10200018002
1020001800020002,اهلمرستاق شمالی,هرازپی-شمالی,102,10200018,10200018002
1020001800020003,هرازپی غربی,هرازپی-غربی,102,10200018,10200018002
1020001900010001,پی رجه,پی-رجه,102,10200019,10200019001
1020001900010002,قره طغان,قره-طغان,102,10200019,10200019001
1020001900010003,مهروان,مهروان,102,10200019,10200019001
1020001900020001,استخرپشت,پی-رجه,102,10200019,10200019002
1020001900020002,زارم رود,قره-طغان,102,10200019,10200019002
1020002000020001,کلارستاق شرقی,کلارستاق-شرقی,102,10200020,10200020002
1020002000020002,کلارستاق غربی,کلارستاق-غربی,102,10200020,10200020002
1020002000030001,بیرون بشم,کلارستاق-شرقی,102,10200020,10200020003
1020002000030002,کوهستان,کلارستاق-غربی,102,10200020,10200020003
1020002100010001,چپکرود شرقی,چپکرود-شرقی,102,10200021,10200021001
1020002100010003,چپکرود غربی,چپکرود-غربی,102,10200021,10200021001
1020002100020001,حسن رضا,چپکرود-شرقی,102,10200021,10200021002
1020002100020002,سیاهرود,سیاهرود,102,10200021,10200021002
1020002100030001,لاریم شمالی,چپکرود-شرقی,102,10200021,10200021003
1020002100030002,لاریم جنوبی,سیاهرود,102,10200021,10200021003
1020002200010001,کلبادشرقی,توسکاچشمه,102,10200022,10200022001
1020002200010002,کلبادغربی,آزادگان,102,10200022,10200022001
1020002200020001,توسکاچشمه,توسکاچشمه,102,10200022,10200022002
1020002200020002,آزادگان,آزادگان,102,10200022,10200022002
1020002300010001,امامزاده عبدالله شمالی,امامزاده-عبدالله-شمالی,102,10200023,10200023001
1020002300010002,امامزاده عبدالله جنوبی,امامزاده-عبدالله-جنوبی,102,10200023,10200023001
1020002300020001,باریک رود شمالی,امامزاده-عبدالله-شمالی,102,10200023,10200023002
1020002300020002,باریک رود جنوبی,امامزاده-عبدالله-جنوبی,102,10200023,10200023002
1020002400010001,لنگارود شرقی,لنگارود-شرقی,102,10200024,10200024001
1020002400010002,لنگارود غربی,لنگارود-غربی,102,10200024,10200024001
1020002400020002,کلارآباد غربی,لنگارود-غربی,102,10200024,10200024002
1020002400030001,کلار شرقی,لنگارود-شرقی,102,10200024,10200024003
1020002400030002,کلار غربی,لنگارود-غربی,102,10200024,10200024003
1020002500010001,کوهدشت شرقی,کوهدشت-شرقی,102,10200025,10200025001
1020002500010002,کوهدشت غربی,کوهدشت-غربی,102,10200025,10200025001
1020002500010003,میاندورود بزرگ,میاندورود-بزرگ,102,10200025,10200025001
1020002500020001,گهرباران  شمالی,کوهدشت-شرقی,102,10200025,10200025002
1020002500020002,گهرباران  جنوبی,کوهدشت-غربی,102,10200025,10200025002
1020002600010001,کیاکلا,کیاکلا,102,10200026,10200026001
1020002600010002,دشت کنار,دشت-کنار,102,10200026,10200026001
1020002600020001,تالارپی,کیاکلا,102,10200026,10200026002
1020002600020002,طور,دشت-کنار,102,10200026,10200026002
1020002700010001,شرق و غرب شیرگاه,شرق-و-غرب-شیرگاه,102,10200027,10200027001
1020002700010002,لفور,لفور,102,10200027,10200027001
1020002700020001,چایباغ,شرق-و-غرب-شیرگاه,102,10200027,10200027002
1020002700020002,هتکه,لفور,102,10200027,10200027002
1020002800010001,کلاردشت شرقی,کلاردشت-شرقی,102,10200028,10200028001
1020002800010002,کلاردشت غربی,کلاردشت-غربی,102,10200028,10200028001
1030001000020001,قافلانکوه شرقی,اوچ-تپه-غربی,103,10300010,10300010002
1030001000020002,کاغذکنان شمالی,بروانان-شرقی,103,10300010,10300010002
1030001000020003,کاغذکنان مرکزی,بروانان-غربی,103,10300010,10300010002
1030001000030001,تیرچایی,اوچ-تپه-غربی,103,10300010,10300010003
1030001000030002,کندوان,بروانان-شرقی,103,10300010,10300010003
1030001000030003,گرمه شمالی,بروانان-غربی,103,10300010,10300010003
1030001000040001,اوچ تپه شرقی,اوچ-تپه-غربی,103,10300010,10300010004
1030001000040002,شیخ درآباد,بروانان-شرقی,103,10300010,10300010004
1030001000040003,قافلانکوه غربی,بروانان-غربی,103,10300010,10300010004
1030001000040004,قزل اوزن,بروانان-مرکزی,103,10300010,10300010004
1030001000040005,کله بوز شرقی,کله-بوزشرقی,103,10300010,10300010004
1030001000040006,کله بوز غربی,کله-بوزغربی,103,10300010,10300010004
1030001000040007,گرمه جنوبی,گرمه-جنوبی,103,10300010,10300010004
1030001100020002,سلوک,سلوک,103,10300011,10300011002
1030001100020003,علی آباد,علی-آباد,103,10300011,10300011002
1030001100020004,قرانقو,قرانقو,103,10300011,10300011002
1030001100020005,کوهسار,کوهسار,103,10300011,10300011002
1030001100020006,چاراویماق شمال شرقی,چاراویماق-شمالشرقی,103,10300011,10300011002
1030001100030001,آلمالو,آلمالو,103,10300011,10300011003
1030001100030003,نظرکهریزی,علی-آباد,103,10300011,10300011003
1030001200010001,بناجوی شرقی,بناجوی-شرقی,103,10300012,10300012001
1030001200010002,بناجوی شمالی,بناجوی-شمالی,103,10300012,10300012001
1030001200010003,بناجوی غربی,بناجوی-غربی,103,10300012,10300012001
1030001300010001,اوجان شرقی,اوجان-شرقی,103,10300013,10300013001
1030001300010002,سهندآباد,سهندآباد,103,10300013,10300013001
1030001300010003,عبا س  شرقی,عبا-س-شرقی,103,10300013,10300013001
1030001300010004,عباس غربی,مهرانرودجنوبی,103,10300013,10300013001
1030001300020001,اوجان غربی,اوجان-شرقی,103,10300013,10300013002
1030001300020002,شبلی,سهندآباد,103,10300013,10300013002
1030001300020003,قوریگل,عبا-س-شرقی,103,10300013,10300013002
1030001300020004,مهرانرودجنوبی,مهرانرودجنوبی,103,10300013,10300013002
1030001300020005,مهرانرودمرکزی,مهرانرودمرکزی,103,10300013,10300013002
1030001400010001,چله خانه,چله-خانه,103,10300014,10300014001
1030001400010002,رودقات,رودقات,103,10300014,10300014001
1030001400010003,میشوجنوبی,میشوجنوبی,103,10300014,10300014001
1030001400020002,سیس,رودقات,103,10300014,10300014002
1030001400020003,گونی شرقی,میشوجنوبی,103,10300014,10300014002
1030001400020005,گونی مرکزی,گونی-مرکزی,103,10300014,10300014002
1030001400030001,چهرگان,چله-خانه,103,10300014,10300014003
1030001400030002,گونی غربی,رودقات,103,10300014,10300014003
1030001500020002,پیغان چایی,پیغان-چایی,103,10300015,10300015002
1030001500020003,مولان,مولان,103,10300015,10300015002
1030001500020004,میشه پاره,میشه-پاره,103,10300015,10300015002
1030001500020005,ییلاق,ییلاق,103,10300015,10300015002
1030001500030001,آبش احمد,آبش-احمد,103,10300015,10300015003
1030001500030002,سیدان,پیغان-چایی,103,10300015,10300015003
1030001500030003,قشلاق,مولان,103,10300015,10300015003
1030001600010001,بدوستان غربی,بدوستان-غربی,103,10300016,10300016001
1030001600010002,مواضع خان شرقی,مواضع-خان-شرقی,103,10300016,10300016001
1030001600010003,مواضع خان شمالی,مواضع-خان-شمالی,103,10300016,10300016001
1030001600020001,بدوستان شرقی,بدوستان-غربی,103,10300016,10300016002
1030001600020002,خانمرود,مواضع-خان-شرقی,103,10300016,10300016002
1030001600020003,باروق,مواضع-خان-شمالی,103,10300016,10300016002
1030001900010001,دیزمار غربی,دیزمارغربی,103,10300019,10300019001
1030001900010003,نوجه مهر,نوجه-مهر,103,10300019,10300019001
1030001900020001,شجاع,دیزمارغربی,103,10300019,10300019002
1030001900020002,ارسی,ارسی,103,10300019,10300019002
1030001900020003,داران,نوجه-مهر,103,10300019,10300019002
1030002000020002,گاودول غربی,گاودول-غربی,103,10300020,10300020002
1030002000020003,گاودول مرکزی,گاودول-مرکزی,103,10300020,10300020002
1030002000030001,گاودول شرقی,گاودول-شرقی,103,10300020,10300020003
1030002000030002,گاودول جنوبی,گاودول-غربی,103,10300020,10300020003
1030002100010001,تیمورلو,تیمورلو,103,10300021,10300021001
1030002100010002,دستجرد,قبله-داغی,103,10300021,10300021001
1030002100020001,شهرک,تیمورلو,103,10300021,10300021002
1030002100030001,شیرامین,تیمورلو,103,10300021,10300021003
1030002100030002,قبله داغی,قبله-داغی,103,10300021,10300021003
1030002100030003,قاضی جهان,قاضی-جهان,103,10300021,10300021003
1030002100030004,ینگجه,ینگجه,103,10300021,10300021003
1030002200010001,شورکات جنوبی,باویل,103,10300022,10300022001
1030002200010002,جزیره,جزیره,103,10300022,10300022001
1030002200020001,باویل,باویل,103,10300022,10300022002
1030002200020002,سهند,جزیره,103,10300022,10300022002
1030002200020003,گنبر,گنبر,103,10300022,10300022002
1030002300010001,چاراویماق جنوب شرقی,چاراویماق-جنوب-شرقی,103,10300023,10300023001
1030002300010002,چاراویماق شرقی,چاراویماق-شرقی,103,10300023,10300023001
1030002300020001,چاراویماق جنوب غربی,چاراویماق-جنوب-شرقی,103,10300023,10300023002
1030002300020002,چاراویماق مرکزی,چاراویماق-شرقی,103,10300023,10300023002
1030002300020003,قوری چای شرقی,قوری-چای-شرقی,103,10300023,10300023002
1030002300020004,ورقه,ورقه,103,10300023,10300023002
1030002400010001,ارزیل,ارزیل,103,10300024,10300024001
1030002400010002,جوشین,جوشین,103,10300024,10300024001
1030002400010003,دیزمار مرکزی,دیزمارمرکزی,103,10300024,10300024001
1030002400020001,ازومدل جنوبی,ارزیل,103,10300024,10300024002
1030002400020002,ازومدل شمالی,جوشین,103,10300024,10300024002
1030002400020003,بکرآباد,دیزمارمرکزی,103,10300024,10300024002
1030002400020004,سینا,سینا,103,10300024,10300024002
1030002500010001,دیزجرود شرقی,دیزجرودشرقی,103,10300025,10300025001
1030002500010002,کوهستان,دیزجرودغربی,103,10300025,10300025001
1030002500020001,خضرلو,دیزجرودشرقی,103,10300025,10300025002
1030002500020002,دیزجرود غربی,دیزجرودغربی,103,10300025,10300025002
1030002600010001,بسطاملو,بسطاملو,103,10300026,10300026001
1030002600010002,کیوان,کیوان,103,10300026,10300026001
1030002600020001,گرمادوزشرقی,بسطاملو,103,10300026,10300026002
1030002600020002,گرما دوزغربی,کیوان,103,10300026,10300026002
1030002600030001,دیزمار شرقی,بسطاملو,103,10300026,10300026003
1030002600030002,منجوان شرقی,کیوان,103,10300026,10300026003
1030002600030003,منجوان غربی,منجوان-غربی,103,10300026,10300026003
1030002700010001,دودانگه,دودانگه,103,10300027,10300027001
1030002700010002,دیکله,دیکله,103,10300027,10300027001
1030002700020001,چهاردانگه شمالی,دودانگه,103,10300027,10300027002
1030002700020002,چهاردانگه جنوبی,دیکله,103,10300027,10300027002
1030002800010001,لیلان جنوبی,لیلان-جنوبی,103,10300028,10300028001
1030002800010002,لیلان غربی,لیلان-غربی,103,10300028,10300028001
1030002800020001,لیلان شمالی,لیلان-جنوبی,103,10300028,10300028002
1030002800020002,لیلان شرقی,لیلان-غربی,103,10300028,10300028002
1030002900010001,اوچ تپه غربی,اوچ-تپه-غربی,103,10300029,10300029001
1030002900010002,بروانان غربی,بروانان-غربی,103,10300029,10300029001
1030002900010003,بروانان مرکزی,بروانان-مرکزی,103,10300029,10300029001
1030002900020001,بروانان شرقی,بروانان-شرقی,103,10300029,10300029002
1030002900020002,گاوینه رود,گاوینه-رود,103,10300029,10300029002
1040001000010001,آختاچی شرقی,آختاچی-شرقی,104,10400010,10400010001
1040001000010002,آختاچی محالی,آختاچی-محالی,104,10400010,10400010001
1040001000010003,بهی دهبکری,بهی-دهبکری,104,10400010,10400010001
1040001000020001,آختاچی,آختاچی-شرقی,104,10400010,10400010002
1040001000020002,ایل تیمور,آختاچی-محالی,104,10400010,10400010002
1040001000020003,ایل گورک,بهی-دهبکری,104,10400010,10400010002
1040001000020004,بهی فیض اله بیگی,بهی-فیض-اله-بیگی,104,10400010,10400010002
1040001100010001,صفاخانه,صفاخانه,104,10400011,10400011001
1040001100010002,محمودآباد,محمودآباد,104,10400011,10400011001
1040001100010003,هولاسو,هولاسو,104,10400011,10400011001
1040001100020003,چهاردولی,هولاسو,104,10400011,10400011002
1040001100020004,کشاور,کشاور,104,10400011,10400011002
1040001200010001,افشار,افشار,104,10400012,10400012001
1040001200010002,انصار,انصار,104,10400012,10400012001
1040001200010003,کرفتو,کرفتو,104,10400012,10400012001
1040001200020001,احمدآباد,افشار,104,10400012,10400012002
1040001200020002,ساروق,انصار,104,10400012,10400012002
1040001200020003,چمن,کرفتو,104,10400012,10400012002
1040001300010001,اشنویه شمالی,اشنویه-شمالی,104,10400013,10400013001
1040001300010002,دشت بیل,دشت-بیل,104,10400013,10400013001
1040001300020001,اشنویه جنوبی,اشنویه-شمالی,104,10400013,10400013002
1040001300020002,هق,دشت-بیل,104,10400013,10400013002
1040001400010001,آواجیق شمالی,آواجیق-شمالی,104,10400014,10400014001
1040001400010002,آواجیق جنوبی,آواجیق-جنوبی,104,10400014,10400014001
1040001400020001,چالدران جنوبی,آواجیق-شمالی,104,10400014,10400014002
1040001400020002,چالدران شمالی,آواجیق-جنوبی,104,10400014,10400014002
1040001400020003,ببه جیک,ببه-جیک,104,10400014,10400014002
1040001500010001,گچلرات شرقی,چایباسارشرقی,104,10400015,10400015001
1040001500010002,گچلرات غربی,گچلرات-غربی,104,10400015,10400015001
1040001500020001,چایباسار شرقی,چایباسارشرقی,104,10400015,10400015002
1040001500020002,زنگبار,گچلرات-غربی,104,10400015,10400015002
1040001600010001,حاجیلار شمالی,حاجیلارشمالی,104,10400016,10400016001
1040001600010002,حاجیلار جنوبی,حاجیلارجنوبی,104,10400016,10400016001
1040001600020001,بسطام,حاجیلارشمالی,104,10400016,10400016002
1040001600020002,چورس,حاجیلارجنوبی,104,10400016,10400016002
1040001700010001,چشمه سرا,چشمه-سرا,104,10400017,10400017001
1040001700010002,قره قویون جنوبی,قره-قویون-جنوبی,104,10400017,10400017001
1040001700020001,قره قویون شمالی,چشمه-سرا,104,10400017,10400017002
1040001700020002,یولاگلدی,قره-قویون-جنوبی,104,10400017,10400017002
1040001800010001,قپچاق,قپچاق,104,10400018,10400018001
1040001800010002,مرحمت آباد شمالی,مرحمت-آبادشمالی,104,10400018,10400018001
1040001800020001,فسندوز,قپچاق,104,10400018,10400018002
1040001800020002,مرحمت آباد میانی,مرحمت-آبادشمالی,104,10400018,10400018002
1040001900010001,نادرگلی,نادرگلی,104,10400019,10400019001
1040001900010002,باروق,باروق,104,10400019,10400019001
1040001900020001,آجرلوی شرقی,نادرگلی,104,10400019,10400019002
1040001900020002,آجرلوی غربی,باروق,104,10400019,10400019002
1040002000010001,گورک نعلین,گورک-نعلین,104,10400020,10400020001
1040002000010002,ساوان,ساوان,104,10400020,10400020001
1040002000020001,ملکاری غربی,گورک-نعلین,104,10400020,10400020002
1040002000020002,ملکاری شرقی,ساوان,104,10400020,10400020002
1050001000010001,حر,حر,105,10500010,10500010001
1050001000010002,دینور,دینور,105,10500010,10500010001
1050001000010003,کندوله,کندوله,105,10500010,10500010001
1050001000020002,خدابنده لو,دینور,105,10500010,10500010002
1050001000020003,صحنه,کندوله,105,10500010,10500010002
1050001000020004,گاماسیاب,گاماسیاب,105,10500010,10500010002
1050001000020005,هجر,هجر,105,10500010,10500010002
1050001100010001,چم چمال,چم-چمال,105,10500011,10500011001
1050001100010002,شیرز,شیرز,105,10500011,10500011001
1050001100020001,چشمه کبود,چم-چمال,105,10500011,10500011002
1050001100020002,حومه,شیرز,105,10500011,10500011002
1050001200010001,خانه شور,خانه-شور,105,10500012,10500012001
1050001200010002,دشت حر,دشت-حر,105,10500012,10500012001
1050001200020001,ازگله,خانه-شور,105,10500012,10500012002
1050001200030001,زمکان جنوبی,خانه-شور,105,10500012,10500012003
1050001200030002,زمکان شمالی,دشت-حر,105,10500012,10500012003
1050001300010001,قلخانی,قلخانی,105,10500013,10500013001
1050001300010002,گورانی,گورانی,105,10500013,10500013001
1050001300020001,بان زرده,قلخانی,105,10500013,10500013002
1050001300020002,بیونیج,گورانی,105,10500013,10500013002
1050001300020003,حومه کرند,حومه-کرند,105,10500013,10500013002
1050001400010001,قوری قلعه,قوری-قلعه,105,10500014,10500014001
1050001400010002,منصورآقایی,منصورآقایی,105,10500014,10500014001
1050001400020001,بدر,قوری-قلعه,105,10500014,10500014002
1050001400020002,حسن آباد,منصورآقایی,105,10500014,10500014002
1050001400020003,دولت اباد,دولت-اباد,105,10500014,10500014002
1050001400020004,زالوآب,زالوآب,105,10500014,10500014002
1060001000020003,حومه شرقی,حومه-شرقی,106,10600010,10600010002
1060001000020004,حومه غربی,حومه-غربی,106,10600010,10600010002
1060001000030001,جره,جره,106,10600010,10600010003
1060001000030002,ماماتین,ماماتین,106,10600010,10600010003
1060001000040001,سلطان آباد,جره,106,10600010,10600010004
1060001000040002,رستم آباد,ماماتین,106,10600010,10600010004
1060001000050001,ابوالفارس,جره,106,10600010,10600010005
1060001000050002,سه تلون,ماماتین,106,10600010,10600010005
1060001100010001,آبشار,آبشار,106,10600011,10600011001
1060001100010002,بوزی,بوزی,106,10600011,10600011001
1060001100010003,جفال,جفال,106,10600011,10600011001
1060001100010004,حسینی,حسینی,106,10600011,10600011001
1060001100020001,سالمی,آبشار,106,10600011,10600011002
1060001100020002,ناصری,بوزی,106,10600011,10600011002
1060001100030001,دارخوین,آبشار,106,10600011,10600011003
1060001100030002,دریسیه,بوزی,106,10600011,10600011003
1060001200020001,سردارآباد,سردارآباد,106,10600012,10600012002
1060001200020003,شهیدمدرس,شهیدمدرس,106,10600012,10600012002
1060001200030001,شعیبیه شرقی,سردارآباد,106,10600012,10600012003
1060001200030002,شعیبیه غربی,شعیبیه-غربی,106,10600012,10600012003
1060001200040001,میان آب جنوبی,سردارآباد,106,10600012,10600012004
1060001200040002,میان آب شمالی,شعیبیه-غربی,106,10600012,10600012004
1060001300030001,جهانگیری,جهانگیری,106,10600013,10600013003
1060001300030002,جهانگیری شمالی,جهانگیری-شمالی,106,10600013,10600013003
1060001300040001,تل بزان,جهانگیری,106,10600013,10600013004
1060001300040002,تمبی گلگیر,جهانگیری-شمالی,106,10600013,10600013004
1060001300050001,عنبر,جهانگیری,106,10600013,10600013005
1060001300050002,ذیلایی,جهانگیری-شمالی,106,10600013,10600013005
1060001400020001,بن معلی,بن-معلی,106,10600014,10600014002
1060001400020003,حسین آباد,حسین-آباد,106,10600014,10600014002
1060001400030001,چنانه,بن-معلی,106,10600014,10600014003
1060001400030002,سرخه,سرخه,106,10600014,10600014003
1060001500020002,رود زرد,رودزرد,106,10600015,10600015002
1060001500020004,منگشت,منگشت,106,10600015,10600015002
1060001500020006,هپرو,هپرو,106,10600015,10600015002
1060001500040001,سرله,سرله,106,10600015,10600015004
1060001500040002,میداود,رودزرد,106,10600015,10600015004
1060001500050001,قلعه تل,سرله,106,10600015,10600015005
1060001500050002,بارانگرد,رودزرد,106,10600015,10600015005
1060001600010001,جایزان,جایزان,106,10600016,10600016001
1060001600020001,آسیاب,جایزان,106,10600016,10600016002
1060001600020002,چاه سالم,چاه-سالم,106,10600016,10600016002
1060001700010001,دشت لالی,دشت-لالی,106,10600017,10600017001
1060001700010002,سادات,سادات,106,10600017,10600017001
1060001700020001,جاستون شهه,دشت-لالی,106,10600017,10600017002
1060001700020002,حتی,سادات,106,10600017,10600017002
1060001800010001,هندیجان شرقی,چم-خلف-عیسی,106,10600018,10600018001
1060001800010002,هندیجان غربی,هندیجان-غربی,106,10600018,10600018001
1060001800020001,چم خلف عیسی,چم-خلف-عیسی,106,10600018,10600018002
1060001800020002,سورین,هندیجان-غربی,106,10600018,10600018002
1060001900010001,عبدلیه شرقی,عبدلیه-شرقی,106,10600019,10600019001
1060001900010002,عبدلیه غربی,عبدلیه-غربی,106,10600019,10600019001
1060001900020001,آزاده,عبدلیه-شرقی,106,10600019,10600019002
1060001900020002,مشراگه,عبدلیه-غربی,106,10600019,10600019002
1060002000010001,عقیلی جنوبی,عقیلی-جنوبی,106,10600020,10600020001
1060002000010002,عقیلی شمالی,عقیلی-شمالی,106,10600020,10600020001
1060002000020001,جنت مکان,عقیلی-جنوبی,106,10600020,10600020002
1060002000020002,کیارس,عقیلی-شمالی,106,10600020,10600020002
1060002100010001,آبژدان,آبژدان,106,10600021,10600021001
1060002100010002,کوشک,کوشک,106,10600021,10600021001
1060002100020001,چلو,آبژدان,106,10600021,10600021002
1060002100020002,للر کتک,کوشک,106,10600021,10600021002
1060002100030001,شلال دشتگل,آبژدان,106,10600021,10600021003
1060002100030002,قلعه خواجه,کوشک,106,10600021,10600021003
1060002200010001,رغیوه,رغیوه,106,10600022,10600022001
1060002200010002,گزین,گزین,106,10600022,10600022001
1060002200020001,حومه,رغیوه,106,10600022,10600022002
1060002300010001,بنی صالح,بنی-صالح,106,10600023,10600023001
1060002300010002,نیسان,نیسان,106,10600023,10600023001
1060002300020001,هویزه شمالی,بنی-صالح,106,10600023,10600023002
1060002300020002,هویزه جنوبی,نیسان,106,10600023,10600023002
1060002400010001,ملاثانی,ملاثانی,106,10600024,10600024001
1060002400010002,عناقچه,عناقچه,106,10600024,10600024001
1060002400020001,ویس,ملاثانی,106,10600024,10600024002
1060002400020002,زرگان,عناقچه,106,10600024,10600024002
1060002500010001,کرخه,کرخه,106,10600025,10600025001
1060002500010002,دهکده,دهکده,106,10600025,10600025001
1060002500020001,طراح,کرخه,106,10600025,10600025002
1060002500020002,جهاد,دهکده,106,10600025,10600025002
1060002600010001,آغاجاری,آغاجاری,106,10600026,10600026001
1060002600020001,سرجولکی,آغاجاری,106,10600026,10600026002
1060002600020002,آب باران,آب-باران,106,10600026,10600026002
1060002700010001,کوت عبدالله,کوت-عبدالله,106,10600027,10600027001
1060002700010002,قلعه چنعان,قلعه-چنعان,106,10600027,10600027001
1060002700020001,سویسه,کوت-عبدالله,106,10600027,10600027002
1060002700020002,موران,قلعه-چنعان,106,10600027,10600027002
1060002800010001,سید عباس,سیدعباس,106,10600028,10600028001
1060002800010002,آهودشت,آهودشت,106,10600028,10600028001
1060002800020001,کرخا,سیدعباس,106,10600028,10600028002
1060002800020002,شاوور,آهودشت,106,10600028,10600028002
1060002900010001,دنباله رود شمالی,دنباله-رودشمالی,106,10600029,10600029001
1060002900010002,دهدز,دهدز,106,10600029,10600029001
1060002900020001,دنباله رود جنوبی,دنباله-رودشمالی,106,10600029,10600029002
1060002900020002,شیوند,دهدز,106,10600029,10600029002
1060003000010001,صیدون شمالی,صیدون-شمالی,106,10600030,10600030001
1060003000010002,واجل,واجل,106,10600030,10600030001
1060003000020001,صیدون جنوبی,صیدون-شمالی,106,10600030,10600030002
1060003000020002,رود زیر,واجل,106,10600030,10600030002
1070001000010001,جره,جره,107,10700010,10700010001
1070001000010002,دادین,دادین,107,10700010,10700010001
1070001000010003,فامور,فامور,107,10700010,10700010001
1070001000020001,کنار تخته,جره,107,10700010,10700010002
1070001000020002,کمارج,دادین,107,10700010,10700010002
1070001000040001,بلیان,جره,107,10700010,10700010004
1070001000040002,دریس,دادین,107,10700010,10700010004
1070001000040003,شاپور,فامور,107,10700010,10700010004
1070001000040004,انارستان,انارستان,107,10700010,10700010004
1070001000040005,دشت برم,دشت-برم,107,10700010,10700010004
1070001000060001,امامزاده محمد,جره,107,10700010,10700010006
1070001000060002,بورکی,دادین,107,10700010,10700010006
1070001100040001,حومه,حومه,107,10700011,10700011004
1070001100040002,درزو سابیان,درزوسابیان,107,10700011,10700011004
1070001100040003,دهکویه,دهکویه,107,10700011,10700011004
1070001100050002,بیرم,درزوسابیان,107,10700011,10700011005
1070001100050003,بالاده,دهکویه,107,10700011,10700011005
1070001100070001,بنارویه,حومه,107,10700011,10700011007
1070001100070002,ده فیش,درزوسابیان,107,10700011,10700011007
1070001100080001,صحرای باغ,حومه,107,10700011,10700011008
1070001100080002,عماد ده,درزوسابیان,107,10700011,10700011008
1070001200030001,خرم مکان,خرم-مکان,107,10700012,10700012003
1070001200030002,کامفیروز جنوبی,کامفیروزجنوبی,107,10700012,10700012003
1070001200040005,رامجرد یک,رامجردیک,107,10700012,10700012004
1070001200040007,رودبال,رودبال,107,10700012,10700012004
1070001200040008,کناره,کناره,107,10700012,10700012004
1070001200040009,مجدآباد,مجدآباد,107,10700012,10700012004
1070001200040010,محمدآباد,محمدآباد,107,10700012,10700012004
1070001200040011,نقش رستم,نقش-رستم,107,10700012,10700012004
1070001200050001,ابرج,خرم-مکان,107,10700012,10700012005
1070001200050002,درودزن,کامفیروزجنوبی,107,10700012,10700012005
1070001200050003,رامجرد دو,رامجرددو,107,10700012,10700012005
1070001200060001,خفرک علیا,خرم-مکان,107,10700012,10700012006
1070001200060002,رحمت,کامفیروزجنوبی,107,10700012,10700012006
1070001200070001,گرمه,خرم-مکان,107,10700012,10700012007
1070001200070002,کامفیروز شمالی,کامفیروزجنوبی,107,10700012,10700012007
1070001300020001,ماهور,ماهور,107,10700013,10700013002
1070001300020002,میشان,میشان,107,10700013,10700013002
1070001300030001,بکش دو,ماهور,107,10700013,10700013003
1070001300030002,بکش یک,میشان,107,10700013,10700013003
1070001300030004,جاوید ماهوری,جاویدماهوری,107,10700013,10700013003
1070001300030008,فهلیان,فهلیان,107,10700013,10700013003
1070001300050001,دشمن زیاری,ماهور,107,10700013,10700013005
1070001300050002,مشایخ,میشان,107,10700013,10700013005
1070001300060001,جوزار,ماهور,107,10700013,10700013006
1070001300060002,پراشکفت,میشان,107,10700013,10700013006
1070001400020003,ده چاه,ده-چاه,107,10700014,10700014002
1070001400020004,مشکان,مشکان,107,10700014,10700014002
1070001400030001,رستاق,رستاق,107,10700014,10700014003
1070001400030002,هرگان,هرگان,107,10700014,10700014003
1070001400040001,ریزآب,رستاق,107,10700014,10700014004
1070001400040002,قطرویه,هرگان,107,10700014,10700014004
1070001500010003,حومه,حومه,107,10700015,10700015001
1070001500010004,سیگار,سیگار,107,10700015,10700015001
1070001500030001,اشکنان,اشکنان,107,10700015,10700015003
1070001500030002,کال,کال,107,10700015,10700015003
1070001500040002,علامرودشت,کال,107,10700015,10700015004
1070001500040003,کهنویه,حومه,107,10700015,10700015004
1070001500050001,چاه ورز,اشکنان,107,10700015,10700015005
1070001500050002,شیخ عامر,کال,107,10700015,10700015005
1070001500060001,کمالی,اشکنان,107,10700015,10700015006
1070001500060002,خیرگو,کال,107,10700015,10700015006
1070001600020001,باغستان,باغستان,107,10700016,10700016002
1070001600020004,سیمکان,سیمکان,107,10700016,10700016002
1070001600030001,سروستان,باغستان,107,10700016,10700016003
1070001600030002,مزایجان,مزایجان,107,10700016,10700016003
1070001700010001,خبریز,خبریز,107,10700017,10700017001
1070001700010002,شورآب,شورآب,107,10700017,10700017001
1070001700010003,علی آباد ملک,علی-آبادملک,107,10700017,10700017001
1070001800010001,شهیدآباد,شهیدآباد,107,10700018,10700018001
1070001800020001,خرمی,شهیدآباد,107,10700018,10700018002
1070001800020002,قشلاق,قشلاق,107,10700018,10700018002
1070001900010001,ایزدخواست شرقی,ایزدخواست-شرقی,107,10700019,10700019001
1070001900010002,ایزدخواست غربی,ایزدخواست-غربی,107,10700019,10700019001
1070001900020001,خسویه,ایزدخواست-شرقی,107,10700019,10700019002
1070001900020002,دبیران,ایزدخواست-غربی,107,10700019,10700019002
1070001900020003,زیرآب,زیرآب,107,10700019,10700019002
1070002000010001,افزر,افزر,107,10700020,10700020001
1070002000010002,زاخرویه,زاخرویه,107,10700020,10700020001
1070002000020001,فتح آباد,افزر,107,10700020,10700020002
1070002000020002,مبارک آباد,زاخرویه,107,10700020,10700020002
1070002000020003,هنگام,هنگام,107,10700020,10700020002
1070002100010002,گله دار,گله-دار,107,10700021,10700021001
1070002100010003,فال,فال,107,10700021,10700021001
1070002100020003,مهر,فال,107,10700021,10700021002
1070002100020004,ارودان,ارودان,107,10700021,10700021002
1070002100030001,خوزی,خوزی,107,10700021,10700021003
1070002100030002,وراوی,گله-دار,107,10700021,10700021003
1070002100040001,اسیر,خوزی,107,10700021,10700021004
1070002100040002,دشت لاله,گله-دار,107,10700021,10700021004
1070002200010001,آویز,آویز,107,10700022,10700022001
1070002200010003,نوجین,نوجین,107,10700022,10700022001
1070002200020002,دهرم,دهرم,107,10700022,10700022002
1070002200020004,دژگاه,دژگاه,107,10700022,10700022002
1070002300010001,سرپنیران,سرپنیران,107,10700023,10700023001
1070002300010002,کمین,کمین,107,10700023,10700023001
1070002300020001,ابوالوردی,سرپنیران,107,10700023,10700023002
1070002300020002,مادر سلیمان,کمین,107,10700023,10700023002
1070002400010001,باغان,باغان,107,10700024,10700024001
1070002400010002,محمله,محمله,107,10700024,10700024001
1070002400020001,تنگ نارک,باغان,107,10700024,10700024002
1070002400020002,سیف آباد,محمله,107,10700024,10700024002
1070002500010001,کوهنجان,کوهنجان,107,10700025,10700025001
1070002500010002,مهارلو,مهارلو,107,10700025,10700025001
1070002500020001,سروستان,کوهنجان,107,10700025,10700025002
1070002500020002,شوریچه,مهارلو,107,10700025,10700025002
1070002600010001,رستم سه,رستم-سه,107,10700026,10700026001
1070002600010002,پشتکوه رستم,پشتکوه-رستم,107,10700026,10700026001
1070002600020001,رستم یک,رستم-سه,107,10700026,10700026002
1070002600020002,رستم دو,پشتکوه-رستم,107,10700026,10700026002
1070002700010001,فداغ,فداغ,107,10700027,10700027001
1070002700010002,خلیلی,خلیلی,107,10700027,10700027001
1070002700020001,ارد,فداغ,107,10700027,10700027002
1070002700020002,سبز پوش,خلیلی,107,10700027,10700027002
1070002800010001,فرمشکان,فرمشکان,107,10700028,10700028001
1070002800010002,کوار,کوار,107,10700028,10700028001
1070002800020001,طسوج,فرمشکان,107,10700028,10700028002
1070002800020002,فتح آباد,کوار,107,10700028,10700028002
1070002900010001,دهقانان,دهقانان,107,10700029,10700029001
1070002900010002,سفلی,سفلی,107,10700029,10700029001
1070002900020001,کفدهک,دهقانان,107,10700029,10700029002
1070002900020002,معزآباد,سفلی,107,10700029,10700029002
1070002900020003,خیرآباد,خیرآباد,107,10700029,10700029002
1070003000010001,زرقان,زرقان,107,10700030,10700030001
1070003000010002,بند امیر,بندامیر,107,10700030,10700030001
1070003000020001,رحمت آباد,زرقان,107,10700030,10700030002
1070003000020002,امامزاده علی (ع),بندامیر,107,10700030,10700030002
1070003100010001,بیضاء,بیضاء,107,10700031,10700031001
1070003100010002,کوشک هزار,کوشک-هزار,107,10700031,10700031001
1070003100020001,بانش,بیضاء,107,10700031,10700031002
1070003100020002,هفت خان,کوشک-هزار,107,10700031,10700031002
1070003200010002,سرچهان,سرچهان,107,10700032,10700032001
1070003200010003,حسامی,حسامی,107,10700032,10700032001
1070003200020001,باغ صفا,باغ-صفا,107,10700032,10700032002
1070003200020002,ارژنگ,سرچهان,107,10700032,10700032002
1070003200030001,توجردی,باغ-صفا,107,10700032,10700032003
1070003200030002,مروشکان,سرچهان,107,10700032,10700032003
1070003300010001,چنار شاهیجان,چنارشاهیجان,107,10700033,10700033001
1070003300010002,سمغان,سمغان,107,10700033,10700033001
1070003300020001,کوهمره,چنارشاهیجان,107,10700033,10700033002
1070003300020002,ابوالحیات,سمغان,107,10700033,10700033002
1070003400010001,گل برنجی,گل-برنجی,107,10700034,10700034001
1070003400010002,خفر,خفر,107,10700034,10700034001
1070003400010003,علی آباد,علی-آباد,107,10700034,10700034001
1070003400010004,سفیدار,سفیدار,107,10700034,10700034001
1070003400020001,راهگان,گل-برنجی,107,10700034,10700034002
1070003400020002,راهگان شمالی,خفر,107,10700034,10700034002
1070003500010001,آباده طشک,آباده-طشک,107,10700035,10700035001
1070003500010002,بختگان,بختگان,107,10700035,10700035001
1070003500020001,حناء,آباده-طشک,107,10700035,10700035002
1070003500020002,چاه گز,بختگان,107,10700035,10700035002
1070003600010001,فیشور,فیشور,107,10700036,10700036001
1070003600010002,اوز,اوز,107,10700036,10700036001
1070003600020001,بیدشهر,فیشور,107,10700036,10700036002
1070003600020002,قلات,اوز,107,10700036,10700036002
1070003700010001,جویم,جویم,107,10700037,10700037001
1070003700010002,چغان,چغان,107,10700037,10700037001
1070003700020001,هرم,جویم,107,10700037,10700037002
1070003700020002,کاریان,چغان,107,10700037,10700037002
1080001000010003,کوه پنج,کوه-پنج,108,10800010,10800010001
1080001000010005,مشیز,مشیز,108,10800010,10800010001
1080001000020001,قلعه عسگر,قلعه-عسگر,108,10800010,10800010002
1080001000020002,لاله زار,لاله-زار,108,10800010,10800010002
1080001000030001,گلزار,قلعه-عسگر,108,10800010,10800010003
1080001000030002,شیرینک,لاله-زار,108,10800010,10800010003
1080001000040001,نگار,قلعه-عسگر,108,10800010,10800010004
1080001000040002,نارپ,لاله-زار,108,10800010,10800010004
1080001100010001,حرجند,حرجند,108,10800011,10800011001
1080001100010003,هروز,هروز,108,10800011,10800011001
1080001100020001,راور,حرجند,108,10800011,10800011002
1080001200010001,امجز,امجز,108,10800012,10800012001
1080001200010002,جهادآباد,جهادآباد,108,10800012,10800012001
1080001200010003,علی آباد,علی-آباد,108,10800012,10800012001
1080001200010004,محمدآباد,محمدآباد,108,10800012,10800012001
1080001200030001,گرمسار,امجز,108,10800012,10800012003
1080001200030002,مردهک,جهادآباد,108,10800012,10800012003
1080001200030003,نرگسان,علی-آباد,108,10800012,10800012003
1080001300010001,قلعه,قلعه,108,10800013,10800013001
1080001300010002,کشمیران,کشمیران,108,10800013,10800013001
1080001300010003,نورآباد,نورآباد,108,10800013,10800013001
1080001300020001,بجگان,قلعه,108,10800013,10800013002
1080001300020003,نودژ,نورآباد,108,10800013,10800013002
1080001400010002,طغرل الجرد,طغرل-الجرد,108,10800014,10800014001
1080001400020001,جور,جور,108,10800014,10800014002
1080001400020002,خرمدشت,طغرل-الجرد,108,10800014,10800014002
1080001500020001,رودبار,رودبار,108,10800015,10800015002
1080001500020003,بیژن آباد,بیژن-آباد,108,10800015,10800015002
1080001500030001,نهضت آباد,رودبار,108,10800015,10800015003
1080001500030002,عباس آباد,عباس-آباد,108,10800015,10800015003
1080001600010001,چاه دادخدا,چاه-دادخدا,108,10800016,10800016001
1080001600010002,رمشک,رمشک,108,10800016,10800016001
1080001600010003,مارز,مارز,108,10800016,10800016001
1080001600020001,قلعه گنج,چاه-دادخدا,108,10800016,10800016002
1080001600020003,دولاب,مارز,108,10800016,10800016002
1080001600030001,سرخ قلعه,چاه-دادخدا,108,10800016,10800016003
1080001600030002,چهل منی,رمشک,108,10800016,10800016003
1080001700020002,ریگان,ریگان,108,10800017,10800017002
1080001700020004,پشت ریگ,پشت-ریگ,108,10800017,10800017002
1080001700030001,گاوکان,گاوکان,108,10800017,10800017003
1080001700030002,سعدآباد,ریگان,108,10800017,10800017003
1080001800010001,رابر,رابر,108,10800018,10800018001
1080001800010002,سیه بنوییه,سیه-بنوییه,108,10800018,10800018001
1080001800020001,هنزا,رابر,108,10800018,10800018002
1080001800020002,جواران,سیه-بنوییه,108,10800018,10800018002
1080001900010001,برج اکرم,برج-اکرم,108,10800019,10800019001
1080001900010002,فهرج,فهرج,108,10800019,10800019001
1080001900020001,نگین کویر,برج-اکرم,108,10800019,10800019002
1080001900020002,چاهدگال,فهرج,108,10800019,10800019002
1080002000010001,بیاض,بیاض,108,10800020,10800020001
1080002000010002,حسین آباد,حسین-آباد,108,10800020,10800020001
1080002100010001,پشت رود,پشت-رود,108,10800021,10800021001
1080002100010002,عزیزآباد,عزیزآباد,108,10800021,10800021001
1080002100020001,روداب شرقی,پشت-رود,108,10800021,10800021002
1080002100020002,مومن آباد,عزیزآباد,108,10800021,10800021002
1080002200010001,کلاشگرد,کلاشگرد,108,10800022,10800022001
1080002200010002,مهروییه,مهروییه,108,10800022,10800022001
1080002200020001,حور,کلاشگرد,108,10800022,10800022002
1080002200020002,زهمکان,مهروییه,108,10800022,10800022002
1080002300010001,ارزوییه,ارزوییه,108,10800023,10800023001
1080002300010002,وکیل آباد,وکیل-آباد,108,10800023,10800023001
1080002300010003,دهسرد,دهسرد,108,10800023,10800023001
1080002300020001,صوغان,ارزوییه,108,10800023,10800023002
1080002300020002,امیرآباد,وکیل-آباد,108,10800023,10800023002
1080002400010001,گنبکی,گنبکی,108,10800024,10800024001
1080002400010002,زیارت,زیارت,108,10800024,10800024001
1080002400020001,ناصریه,گنبکی,108,10800024,10800024002
1080002400020002,کهورخشک,زیارت,108,10800024,10800024002
1080002500010001,جازموریان,جازموریان,108,10800025,10800025001
1080002500010002,بوهینگ,بوهینگ,108,10800025,10800025001
1080002500020001,چاه حسن,جازموریان,108,10800025,10800025002
1080002500020002,کوهستان,بوهینگ,108,10800025,10800025002
1090001300010001,دولتخانه,دولتخانه,109,10900013,10900013001
1090001300030002,سودلانه,سودلانه,109,10900013,10900013003
1090001300030003,شیرین دره,شیرین-دره,109,10900013,10900013003
1090001300040001,دوغایی,دولتخانه,109,10900013,10900013004
1090001300040002,بهار,سودلانه,109,10900013,10900013004
1090001300050001,قوچان عتیق,دولتخانه,109,10900013,10900013005
1090001300050002,یزدان,سودلانه,109,10900013,10900013005
1090001400040001,بالا ولایت,بالا-ولایت,109,10900014,10900014004
1090001400040002,پایین ولایت,پایین-ولایت,109,10900014,10900014004
1090001400050001,رزق آباد,بالا-ولایت,109,10900014,10900014005
1090001400050002,قلعه بالا,پایین-ولایت,109,10900014,10900014005
1090001500020001,پس کلوت,پس-کلوت,109,10900015,10900015002
1090001500020002,حومه گناباد,حومه-گناباد,109,10900015,10900015002
1090001500030001,زیبد,پس-کلوت,109,10900015,10900015003
1090001500030002,کاخک,حومه-گناباد,109,10900015,10900015003
1090001600010002,پیوه ژن,پیوه-ژن,109,10900016,10900016001
1090001600010004,سرجام,سرجام,109,10900016,10900016001
1090001600050001,تبادکان,تبادکان,109,10900016,10900016005
1090001600050002,توس,پیوه-ژن,109,10900016,10900016005
1090001600050003,کارده,کارده,109,10900016,10900016005
1090001600050004,میان ولایت,سرجام,109,10900016,10900016005
1090001600050005,کنویست,کنویست,109,10900016,10900016005
1090001600050006,درز آب,درز-آب,109,10900016,10900016005
1090001600060001,آبروان,تبادکان,109,10900016,10900016006
1090001600060002,پایین ولایت,پیوه-ژن,109,10900016,10900016006
1090001600060003,میامی,کارده,109,10900016,10900016006
1090001700030002,سرولایت,سرولایت,109,10900017,10900017003
1090001700030003,برزنون,برزنون,109,10900017,10900017003
1090001700040001,دربقاضی,دربقاضی,109,10900017,10900017004
1090001700040002,ریوند,سرولایت,109,10900017,10900017004
1090001700040003,فضل,برزنون,109,10900017,10900017004
1090001700040004,مازول,مازول,109,10900017,10900017004
1090001700040005,بینالود,بینالود,109,10900017,10900017004
1090001800020001,چناران,چناران,109,10900018,10900018002
1090001800020003,بقمج,بقمج,109,10900018,10900018002
1090001800030001,رادکان,چناران,109,10900018,10900018003
1090001800030002,غیاث آباد,غیاث-آباد,109,10900018,10900018003
1090001800040001,سید آباد,چناران,109,10900018,10900018004
1090001800040002,حکیم آباد,غیاث-آباد,109,10900018,10900018004
1090001900010001,پایین خواف,پایین-خواف,109,10900019,10900019001
1090001900010003,بستان,بستان,109,10900019,10900019001
1090001900020001,نشتیفان,پایین-خواف,109,10900019,10900019002
1090001900020002,میان خواف,میان-خواف,109,10900019,10900019002
1090001900030001,زوزن,پایین-خواف,109,10900019,10900019003
1090001900030002,کیبر,میان-خواف,109,10900019,10900019003
1090001900040001,بالا خواف,پایین-خواف,109,10900019,10900019004
1090001900040002,سلامی,میان-خواف,109,10900019,10900019004
1090002000010001,پل خاتون,پل-خاتون,109,10900020,10900020001
1090002000010002,گل بی بی,گل-بی-بی,109,10900020,10900020001
1090002000010003,مرز داران,مرز-داران,109,10900020,10900020001
1090002000020001,تجن,پل-خاتون,109,10900020,10900020002
1090002000020002,خانگیران,گل-بی-بی,109,10900020,10900020002
1090002000020003,سرخس,مرز-داران,109,10900020,10900020002
1090002200010001,سفید سنگ,سفید-سنگ,109,10900022,10900022001
1090002200010002,قلندر آباد,قلندر-آباد,109,10900022,10900022001
1090002200020001,بالابند,سفید-سنگ,109,10900022,10900022002
1090002200020002,سنگ بست,قلندر-آباد,109,10900022,10900022002
1090002200020003,فریمان,فریمان,109,10900022,10900022002
1090002300010001,درونه,درونه,109,10900023,10900023001
1090002300010002,صحرا,صحرا,109,10900023,10900023001
1090002300020001,کنارشهر,درونه,109,10900023,10900023002
1090002300020002,کوهپایه,صحرا,109,10900023,10900023002
1090002300030001,جلگه,درونه,109,10900023,10900023003
1090002300030002,شهرآباد,صحرا,109,10900023,10900023003
1090002700010001,جنگل,جنگل,109,10900027,10900027001
1090002700010002,شعبه,شعبه,109,10900027,10900027001
1090002700020001,آستانه,جنگل,109,10900027,10900027002
1090002700020002,رشتخوار,شعبه,109,10900027,10900027002
1090002800010001,پساکوه,پساکوه,109,10900028,10900028001
1090002800010002,زاوین,زاوین,109,10900028,10900028001
1090002800020001,کبود گنبد,پساکوه,109,10900028,10900028002
1090002800020003,چرم,چرم,109,10900028,10900028002
1090002800030001,هزارمسجد,پساکوه,109,10900028,10900028003
1090002800030002,لاین,زاوین,109,10900028,10900028003
1090002900010001,ششطراز,ششطراز,109,10900029,10900029001
1090002900010002,کویر,کویر,109,10900029,10900029001
1090002900020001,حومه,ششطراز,109,10900029,10900029002
1090002900020002,رستاق,کویر,109,10900029,10900029002
1090003000010001,ازغند,ازغند,109,10900030,10900030001
1090003000010002,مه ولات شمالی,مه-ولات-شمالی,109,10900030,10900030001
1090003000020001,حومه,ازغند,109,10900030,10900030002
1090003000020002,مه ولات جنوبی,مه-ولات-شمالی,109,10900030,10900030002
1090003100010001,بجستان,بجستان,109,10900031,10900031001
1090003100010002,جزین,جزین,109,10900031,10900031001
1090003100020001,یونسی,بجستان,109,10900031,10900031002
1090003100020002,سردق,جزین,109,10900031,10900031002
1090003200010001,طرقبه,طرقبه,109,10900032,10900032001
1090003200010002,جاغرق,جاغرق,109,10900032,10900032001
1090003200020001,شاندیز,طرقبه,109,10900032,10900032002
1090003200020002,ابرده,جاغرق,109,10900032,10900032002
1090003300010001,تخت جلگه,طاغنکوه-شمالی,109,10900033,10900033001
1090003300010002,فیروزه,فیروزه,109,10900033,10900033001
1090003300020001,طاغنکوه شمالی,طاغنکوه-شمالی,109,10900033,10900033002
1090003300020002,طاغنکوه جنوبی,فیروزه,109,10900033,10900033002
1090003400010001,جغتای,جغتای,109,10900034,10900034001
1090003400010002,دستوران,دستوران,109,10900034,10900034001
1090003400020001,پایین جوین,جغتای,109,10900034,10900034002
1090003400020002,میان جوین,دستوران,109,10900034,10900034002
1090003500010001,زاوه,زاوه,109,10900035,10900035001
1090003500010002,صفاییه,صفاییه,109,10900035,10900035001
1090003500020001,ساق,زاوه,109,10900035,10900035002
1090003500020002,سلیمان,صفاییه,109,10900035,10900035002
1090003600010001,بالاجوین,بالاجوین,109,10900036,10900036001
1090003600010002,پیراکوه,پیراکوه,109,10900036,10900036001
1090003600020001,زرین,بالاجوین,109,10900036,10900036002
1090003600020002,حکم آباد,پیراکوه,109,10900036,10900036002
1090003700010001,مالین,مالین,109,10900037,10900037001
1090003700010002,دشت ارزنه,دشت-ارزنه,109,10900037,10900037001
1090003700020001,بالاولایت,مالین,109,10900037,10900037002
1090003700020002,اشتین,دشت-ارزنه,109,10900037,10900037002
1090003800010001,سلطان آباد,طبس,109,10900038,10900038001
1090003800010002,رباط جز,رباط-جز,109,10900038,10900038001
1090003800020001,مشکان,طبس,109,10900038,10900038002
1090003800020002,یام,رباط-جز,109,10900038,10900038002
1090003800030001,طبس,طبس,109,10900038,10900038003
1090003800030002,نوده انقلاب,رباط-جز,109,10900038,10900038003
1090003900010001,کاه,کاه,109,10900039,10900039001
1090003900010002,مزینان,مزینان,109,10900039,10900039001
1090003900020001,باشتین,کاه,109,10900039,10900039002
1090003900020002,مهر,مزینان,109,10900039,10900039002
1090004000010001,باغ کشمیر,باغ-کشمیر,109,10900040,10900040001
1090004000010002,صالح آباد,صالح-آباد,109,10900040,10900040001
1090004000010003,قلعه حمام,قلعه-حمام,109,10900040,10900040001
1090004000020001,جنت آباد,باغ-کشمیر,109,10900040,10900040002
1090004000020002,استای,صالح-آباد,109,10900040,10900040002
1090004100010002,برکوه,برکوه,109,10900041,10900041001
1090004100010004,کوه سفید,کوه-سفید,109,10900041,10900041001
1090004100020001,بررود,بررود,109,10900041,10900041002
1090004100020002,تکاب,برکوه,109,10900041,10900041002
1090004200010001,اردوغش,اردوغش,109,10900042,10900042001
1090004200010002,زبرخان,زبرخان,109,10900042,10900042001
1090004200020001,اسحق آباد,اردوغش,109,10900042,10900042002
1090004200020002,حشمتیه,زبرخان,109,10900042,10900042002
1090004300010001,بیهق,بیهق,109,10900043,10900043001
1090004300010002,تکاب کوه میش,تکاب-کوه-میش,109,10900043,10900043001
1090004300020001,شامکان,بیهق,109,10900043,10900043002
1090004300020002,ربع شامات,تکاب-کوه-میش,109,10900043,10900043002
1090004400010001,بیزکی,گلمکان,109,10900044,10900044001
1090004400010002,نوبهار,چشمه-سبز,109,10900044,10900044001
1090004400020001,گلمکان,گلمکان,109,10900044,10900044002
1090004400020002,چشمه سبز,چشمه-سبز,109,10900044,10900044002
1090004500010001,عشق آباد,عشق-آباد,109,10900045,10900045001
1090004500010002,غزالی,غزالی,109,10900045,10900045001
1090004500020001,بلهرات,عشق-آباد,109,10900045,10900045002
1090004500020002,سالاری,غزالی,109,10900045,10900045002
1100001000020001,جوشقان قالی,جوشقان-قالی,110,11000010,11000010002
1100001000020002,قهرود,قهرود,110,11000010,11000010002
1100001000030001,کوهپایه,جوشقان-قالی,110,11000010,11000010003
1100001000030003,میاندشت,میاندشت,110,11000010,11000010003
1100001000030004,خرم دشت,خرم-دشت,110,11000010,11000010003
1100001000040002,کوه دشت,قهرود,110,11000010,11000010004
1100001000040003,نیاسر,میاندشت,110,11000010,11000010004
1100001000050001,باباافضل,جوشقان-قالی,110,11000010,11000010005
1100001000050002,گلاب,قهرود,110,11000010,11000010005
1100001100010001,جلگه,جلگه,110,11000011,11000011001
1100001100010002,کناررودخانه,کناررودخانه,110,11000011,11000011001
1100001100010003,نیوان,نیوان,110,11000011,11000011001
1100001200010001,چم رود,چم-رود,110,11000012,11000012001
1100001200010002,زیرکوه,زیرکوه,110,11000012,11000012001
1100001200010003,چم کوه,چم-کوه,110,11000012,11000012001
1100001200030001,اشیان,چم-رود,110,11000012,11000012003
1100001200030002,خرم رود,زیرکوه,110,11000012,11000012003
1100001300010002,چوپانان,چوپانان,110,11000013,11000013001
1100001300030001,بافران,بافران,110,11000013,11000013003
1100001300030002,بهارستان,چوپانان,110,11000013,11000013003
1100001300030003,کوهستان,کوهستان,110,11000013,11000013003
1100001300030004,لای سیاه,لای-سیاه,110,11000013,11000013003
1100001400020001,جوزدان,جوزدان,110,11000014,11000014002
1100001400020002,صادقیه,صادقیه,110,11000014,11000014002
1100001400020003,صفاییه,صفاییه,110,11000014,11000014002
1100001400030001,اشن,جوزدان,110,11000014,11000014003
1100001400030002,حسین آباد,صادقیه,110,11000014,11000014003
1100001500010002,برزرود,برزرود,110,11000015,11000015001
1100001500010003,طرق رود,طرق-رود,110,11000015,11000015001
1100001500010004,کرکس,کرکس,110,11000015,11000015001
1100001500020001,امامزاده آقا علی عباس,امامزاده-آقا-علی-عباس,110,11000015,11000015002
1100001500020002,خالدآباد,برزرود,110,11000015,11000015002
1100001600020001,زرکان,زرکان,110,11000016,11000016002
1100001600020002,ونداده,ونداده,110,11000016,11000016002
1100001600030001,برخوار غربی,زرکان,110,11000016,11000016003
1100001600030002,مورچه خورت,ونداده,110,11000016,11000016003
1100001700010001,طالخونچه,طالخونچه,110,11000017,11000017001
1100001700010002,دیزیچه,دیزیچه,110,11000017,11000017001
1100001700010003,کرکوند,کرکوند,110,11000017,11000017001
1100001700020001,گرکن,طالخونچه,110,11000017,11000017002
1100001700020002,نورآباد,دیزیچه,110,11000017,11000017002
1100001800010001,کویرات,کویرات,110,11000018,11000018001
1100001800010002,کویر,کویر,110,11000018,11000018001
1100001800020001,سفیددشت,کویرات,110,11000018,11000018002
1100001900010001,کرون سفلی,کرون-سفلی,110,11000019,11000019001
1100001900010002,کرون علیا,کرون-علیا,110,11000019,11000019001
1100001900020001,رضوانیه,کرون-سفلی,110,11000019,11000019002
1100001900020002,ورپشت,کرون-علیا,110,11000019,11000019002
1100002000010001,چنارود جنوبی,چنارود-جنوبی,110,11000020,11000020001
1100002000010002,چنارود شمالی,چنارود-شمالی,110,11000020,11000020001
1100002000020001,کاوه آهنگر,چنارود-جنوبی,110,11000020,11000020002
1100002000020002,کبوترسرخ,چنارود-شمالی,110,11000020,11000020002
1100002100010002,قمبوان,قمبوان,110,11000021,11000021001
1100002100010003,موسی آباد,موسی-آباد,110,11000021,11000021001
1100002100010004,همگین,همگین,110,11000021,11000021001
1100002200010001,برخوار شرقی,برخوار-شرقی,110,11000022,11000022001
1100002200010002,شاپورآباد,شاپورآباد,110,11000022,11000022001
1100002200020001,سین,برخوار-شرقی,110,11000022,11000022002
1100002200020002,برخوار مرکزی,شاپورآباد,110,11000022,11000022002
1100002300010001,بیابانک,بیابانک,110,11000023,11000023001
1100002300010002,جندق,جندق,110,11000023,11000023001
1100002300010003,نخلستان,نخلستان,110,11000023,11000023001
1100002400010001,سردسیر,سردسیر,110,11000024,11000024001
1100002400010002,گرجی,گرجی,110,11000024,11000024001
1100002400010003,ییلاق,ییلاق,110,11000024,11000024001
1100002400020001,کرچمبوجنوبی,سردسیر,110,11000024,11000024002
1100002400020002,کرچمبوشمالی,گرجی,110,11000024,11000024002
1100002500010001,تودشک,تودشک,110,11000025,11000025001
1100002500010002,جبل,جبل,110,11000025,11000025001
1100002500020001,سیستان,تودشک,110,11000025,11000025002
1100002500020002,زفره,جبل,110,11000025,11000025002
1100002600010001,جرقویه سفلی,جرقویه-سفلی,110,11000026,11000026001
1100002600010002,جرقویه وسطی,جرقویه-وسطی,110,11000026,11000026001
1100002600020001,جرقویه علیا,جرقویه-سفلی,110,11000026,11000026002
1100002600020002,رامشه,جرقویه-وسطی,110,11000026,11000026002
1100002700010001,گاوخونی شمالی,گاوخونی-شمالی,110,11000027,11000027001
1100002700010002,گاوخونی جنوبی,گاوخونی-جنوبی,110,11000027,11000027001
1100002700020001,رودشت شرقی,گاوخونی-شمالی,110,11000027,11000027002
1100002700020002,کفرود,گاوخونی-جنوبی,110,11000027,11000027002
1100002800010001,امامزاده عبدالعزیز,امامزاده-عبدالعزیز,110,11000028,11000028001
1100002800010002,هاشم آباد,هاشم-آباد,110,11000028,11000028001
1100002800020001,رودشت,امامزاده-عبدالعزیز,110,11000028,11000028002
1100002800020002,کلیشاد,هاشم-آباد,110,11000028,11000028002
1110001000010001,جزینک,جزینک,111,11100010,11100010001
1110001000010003,قلعه نو,قلعه-نو,111,11100010,11100010001
1110001000020001,خواجه احمد,جزینک,111,11100010,11100010002
1110001000020002,زهک,زهک,111,11100010,11100010002
1110001000030001,خمک,جزینک,111,11100010,11100010003
1110001000030002,گوری,زهک,111,11100010,11100010003
1110001100010001,دوست محمد,دوست-محمد,111,11100011,11100011001
1110001100010002,مارگان,مارگان,111,11100011,11100011001
1110001100010003,جهان آباد,جهان-آباد,111,11100011,11100011001
1110001100020001,قرقری,دوست-محمد,111,11100011,11100011002
1110001100020002,اکبرآباد,مارگان,111,11100011,11100011002
1110001200010001,گنبد علوی,گنبد-علوی,111,11100012,11100012001
1110001200010002,دلگان,دلگان,111,11100012,11100012001
1110001200010003,هودیان,هودیان,111,11100012,11100012001
1110001200020001,جلگه چاه هاشم,گنبد-علوی,111,11100012,11100012002
1110001200020002,چاه علی,دلگان,111,11100012,11100012002
1110001200020003,آذرآباد,هودیان,111,11100012,11100012002
1110001300010001,زابلی,زابلی,111,11100013,11100013001
1110001300010003,دهی,دهی,111,11100013,11100013001
1110001300020001,آشار,زابلی,111,11100013,11100013002
1110001300020002,ایرافشان,ایرافشان,111,11100013,11100013002
1110001300030001,بیرک,زابلی,111,11100013,11100013003
1110001300030002,بیرک شرقی,ایرافشان,111,11100013,11100013003
1110001400010001,سیب وسوران,سیب-وسوران,111,11100014,11100014001
1110001400010003,شندان,شندان,111,11100014,11100014001
1110001400020001,هیدوچ,سیب-وسوران,111,11100014,11100014002
1110001400020002,کنت,کنت,111,11100014,11100014002
1110001400030001,پسکوه,سیب-وسوران,111,11100014,11100014003
1110001400030002,سرسوره,کنت,111,11100014,11100014003
1110001500010001,ادیمی,ادیمی,111,11100015,11100015001
1110001500010002,بزی,بزی,111,11100015,11100015001
1110001500020001,قایم آباد,ادیمی,111,11100015,11100015002
1110001500020003,گلخانی,گلخانی,111,11100015,11100015002
1110001500030001,سفیدابه,ادیمی,111,11100015,11100015003
1110001500030002,ماده کاریز,بزی,111,11100015,11100015003
1110001600010003,لوتک,لوتک,111,11100016,11100016001
1110001600010004,محمدآباد,محمدآباد,111,11100016,11100016001
1110001600020001,تیمورآباد,تیمورآباد,111,11100016,11100016002
1110001600020002,کوه خواجه,کوه-خواجه,111,11100016,11100016002
1110001700010003,حومه,حومه,111,11100017,11100017001
1110001700010004,انده,انده,111,11100017,11100017001
1110001700020001,تمین,تمین,111,11100017,11100017002
1110001700020002,لادیز,لادیز,111,11100017,11100017002
1110001700020003,جون آباد,حومه,111,11100017,11100017002
1110001700030001,ریگ ملک,تمین,111,11100017,11100017003
1110001700030002,تهلاب,لادیز,111,11100017,11100017003
1110001800010002,هلونچکان,هلونچکان,111,11100018,11100018001
1110001800010003,هیت,هیت,111,11100018,11100018001
1110001800020001,ساربوک,ساربوک,111,11100018,11100018002
1110001800020002,حمیری,هلونچکان,111,11100018,11100018002
1110001800030001,تلنگ,ساربوک,111,11100018,11100018003
1110001800030002,شارک,هلونچکان,111,11100018,11100018003
1110001900010001,فنوج,فنوج,111,11100019,11100019001
1110001900010002,مسکوتان,مسکوتان,111,11100019,11100019001
1110001900020001,گتیج,فنوج,111,11100019,11100019002
1110001900020002,محترم آباد,مسکوتان,111,11100019,11100019002
1110002000010001,بمپورشرقی,بمپورشرقی,111,11100020,11100020001
1110002000010003,خیرآباد,خیرآباد,111,11100020,11100020001
1110002000020001,بمپورغربی,بمپورشرقی,111,11100020,11100020002
1110002000020002,میرآباد,میرآباد,111,11100020,11100020002
1110002100010001,اسکل آباد,اسکل-آباد,111,11100021,11100021001
1110002100010002,تفتان جنوبی,تفتان-جنوبی,111,11100021,11100021001
1110002100020001,نازیل,اسکل-آباد,111,11100021,11100021002
1110002100020002,چاه احمد,تفتان-جنوبی,111,11100021,11100021002
1110002100030001,گوهرکوه,اسکل-آباد,111,11100021,11100021003
1110002100030002,شیرآباد,تفتان-جنوبی,111,11100021,11100021003
1110002200010001,نگور,نگور,111,11100022,11100022001
1110002200010002,سندمیرثویان,سندمیرثویان,111,11100022,11100022001
1110002200020001,باهوکلات,نگور,111,11100022,11100022002
1110002200020002,درگس,سندمیرثویان,111,11100022,11100022002
1110002300010001,سرباز,سرباز,111,11100023,11100023001
1110002300010002,سرکور,سرکور,111,11100023,11100023001
1110002300020001,کیشکور,سرباز,111,11100023,11100023002
1110002300020002,مچان,سرکور,111,11100023,11100023002
1110002300030001,مینان,سرباز,111,11100023,11100023003
1110002300030002,گزور,سرکور,111,11100023,11100023003
1110002300040001,نسکند,سرباز,111,11100023,11100023004
1110002300040002,بلوچی,سرکور,111,11100023,11100023004
1110002400010001,جالق,جالق,111,11100024,11100024001
1110002400010002,سینگان,سینگان,111,11100024,11100024001
1110002400020001,کله گان,جالق,111,11100024,11100024002
1110002400020002,شنداشکندان,سینگان,111,11100024,11100024002
1110002500010001,لاشارشمالی,لاشارشمالی,111,11100025,11100025001
1110002500010002,زیرباندار,زیرباندار,111,11100025,11100025001
1110002500020001,لاشارجنوبی,لاشارشمالی,111,11100025,11100025002
1110002500020002,تنگ سرحه,زیرباندار,111,11100025,11100025002
1110002600010001,زرآبادشرقی,زرآبادشرقی,111,11100026,11100026001
1110002600010002,اسماعیل چات,اسماعیل-چات,111,11100026,11100026001
1110002600020001,زرآبادغربی,زرآبادشرقی,111,11100026,11100026002
1110002600020002,تنبلان,اسماعیل-چات,111,11100026,11100026002
1120001000010001,ییلاق شمالی,ییلاق-شمالی,112,11200010,11200010001
1120001000010002,حومه دهگلان,حومه-دهگلان,112,11200010,11200010001
1120001000010003,قوری چای,قوری-چای,112,11200010,11200010001
1120001000020001,ییلاق جنوبی,ییلاق-شمالی,112,11200010,11200010002
1120001000020002,سیس,حومه-دهگلان,112,11200010,11200010002
1130001000010001,درگزین شرقی,درگزین-شرقی,113,11300010,11300010001
1130001000010002,درگزین علیا,درگزین-علیا,113,11300010,11300010001
1130001000020001,درگزین سفلی,درگزین-شرقی,113,11300010,11300010002
1130001000020002,درگزین غربی,درگزین-علیا,113,11300010,11300010002
1140001000010001,خانمیرزا,خانمیرزا,114,11400010,11400010001
1140001000010002,جوانمردی,جوانمردی,114,11400010,11400010001
1140001000020001,ارمند,خانمیرزا,114,11400010,11400010002
1140001000020002,سپیدار,جوانمردی,114,11400010,11400010002
1140001100010001,فلارد,فلارد,114,11400011,11400011001
1140001100010002,شهریار,شهریار,114,11400011,11400011001
1140001100020001,پروز,فلارد,114,11400011,11400011002
1140001100020002,پشتکوه,شهریار,114,11400011,11400011002
1140001200010001,قهفرخ,قهفرخ,114,11400012,11400012001
1140001200020001,دستگرد,قهفرخ,114,11400012,11400012002
1140001200020002,سورک,سورک,114,11400012,11400012002
1150001000010001,تشکن,تشکن,115,11500010,11500010001
1150001000010002,دوره,دوره,115,11500010,11500010001
1150001000020001,کشکان شمالی,تشکن,115,11500010,11500010002
1150001000020002,کشکان جنوبی,دوره,115,11500010,11500010002
1150001000030001,شوراب,تشکن,115,11500010,11500010003
1150001000030002,ویسیان,دوره,115,11500010,11500010003
1150001100010001,سوری,سوری,115,11500011,11500011001
1150001100010002,رومیانی,رومیانی,115,11500011,11500011001
1150001100020001,رومشکان,سوری,115,11500011,11500011002
1150001100020002,بازوند,رومیانی,115,11500011,11500011002
1150001200010001,معمولان,معمولان,115,11500012,11500012001
1150001200010002,زیودار,زیودار,115,11500012,11500012001
1150001200020001,افرینه,معمولان,115,11500012,11500012002
1150001200020002,میانکوه شرقی,زیودار,115,11500012,11500012002
1160001000010001,کلم,کلم,116,11600010,11600010001
1160001000010002,دوستان,دوستان,116,11600010,11600010001
1160001000010003,علیشروان,علیشروان,116,11600010,11600010001
1160001000020001,هندمینی,کلم,116,11600010,11600010002
1160001000020002,زرانگوش,دوستان,116,11600010,11600010002
1160001100010001,گوران,گوران,116,11600011,11600011001
1160001100010002,داجیوند,داجیوند,116,11600011,11600011001
1160001100020001,زردلان,گوران,116,11600011,11600011002
1160001100020002,داربید,داجیوند,116,11600011,11600011002
1160001200010001,ارکوازی,بولی,116,11600012,11600012001
1160001200010002,حاجی بختیار,چکر,116,11600012,11600012001
1160001200020001,بولی,بولی,116,11600012,11600012002
1160001200020002,چکر,چکر,116,11600012,11600012002
1180001000010001,عسلویه,عسلویه,118,11800010,11800010001
1180001000010002,اخند,اخند,118,11800010,11800010001
1180001000020001,نای بند,عسلویه,118,11800010,11800010002
1180001000020002,چاه مبارک,اخند,118,11800010,11800010002
1190001000010001,سنبل آباد,سنبل-آباد,119,11900010,11900010001
1190001000010002,سلطانیه,سلطانیه,119,11900010,11900010001
1190001000020001,گوزل دره,سنبل-آباد,119,11900010,11900010002
1190001000020002,قره بلاغ,سلطانیه,119,11900010,11900010002
1210001100010001,آسفیج,آسفیج,121,12100011,12100011001
1210001100010002,بنستان,بنستان,121,12100011,12100011001
1210001100020001,جلگه,آسفیج,121,12100011,12100011002
1210001200010001,ایثار,ایثار,121,12100012,12100012001
1210001200010002,توتک,توتک,121,12100012,12100012001
1210001200020001,هرابرجان,ایثار,121,12100012,12100012002
1210001200020002,مبارکه,توتک,121,12100012,12100012002
1210001300010001,محمدآباد,محمدآباد,121,12100013,12100013001
1210001300020001,اله آباد,محمدآباد,121,12100013,12100013002
1210001300020002,دربید,دربید,121,12100013,12100013002
1220001000010001,رودبار,رودبار,122,12200010,12200010001
1220001000010002,رویدر,رویدر,122,12200010,12200010001
1220001000020001,خمیر,رودبار,122,12200010,12200010002
1220001000020003,کشار,کشار,122,12200010,12200010002
1220001000030001,کهورستان,رودبار,122,12200010,12200010003
1220001000030002,لاتیدان,رویدر,122,12200010,12200010003
1220001100010001,بهدشت,بهدشت,122,12200011,12200011001
1220001100010002,کوشکنار,کوشکنار,122,12200011,12200011001
1220001100020001,بوچیر,بهدشت,122,12200011,12200011002
1220001100020002,مهرگان,کوشکنار,122,12200011,12200011002
1220001200010001,بمانی,بمانی,122,12200012,12200012001
1220001200010002,شهمردی,شهمردی,122,12200012,12200012001
1220001200020001,بیابان,بمانی,122,12200012,12200012002
1220001200020002,سیریک,شهمردی,122,12200012,12200012002
1220001300010001,جکدان,جکدان,122,12200013,12200013001
1220001300010002,سردشت,سردشت,122,12200013,12200013001
1220001300020001,گوهران,جکدان,122,12200013,12200013002
1220001300020002,درآبسر,سردشت,122,12200013,12200013002
1220001300030001,گافر,جکدان,122,12200013,12200013003
1220001300030002,پارمون,سردشت,122,12200013,12200013003
1230001000010001,چهاردانگه,چهاردانگه,123,12300010,12300010001
1230001000010002,فیروزبهرام,فیروزبهرام,123,12300010,12300010001
1230001000020001,ده عباس,چهاردانگه,123,12300010,12300010002
1230001000020004,بهرام‌آباد,بهرام-آباد,123,12300010,12300010002
1230001000030001,احمد‌آباد مستوفی,چهاردانگه,123,12300010,12300010003
1230001000030002,چیچکلو,فیروزبهرام,123,12300010,12300010003
1230001200020001,امامزاده ابوطالب,امامزاده-ابوطالب,123,12300012,12300012002
1230001200020002,منجیل‌آباد,منجیل-آباد,123,12300012,12300012002
1230001200020003,وهن‌آباد,وهن-آباد,123,12300012,12300012002
1230001300010001,جمال‌آباد,جمال-آباد,123,12300013,12300013001
1230001300010002,شریف‌آباد,شریف-آباد,123,12300013,12300013001
1230001300010003,کریم‌آباد,کریم-آباد,123,12300013,12300013001
1230001300020001,حصارامیر,جمال-آباد,123,12300013,12300013002
1230001300020002,فرون‌آباد,شریف-آباد,123,12300013,12300013002
1230001300020003,فیلستان,کریم-آباد,123,12300013,12300013002
1230001400010002,قزقانچای,قزقانچای,123,12300014,12300014001
1230001400010003,دوبلوک,دوبلوک,123,12300014,12300014001
1230001400020001,پشتکوه,پشتکوه,123,12300014,12300014002
1230001400020002,شهرآباد,قزقانچای,123,12300014,12300014002
1230001400020003,حبلرود,دوبلوک,123,12300014,12300014002
1230001600010001,دانش,دانش,123,12300016,12300016001
1230001600010002,هفت‌جوی,هفت-جوی,123,12300016,12300016001
1230001700010001,ملارد‌ شمالی,ملارد-شمالی,123,12300017,12300017001
1230001700010002,ملارد‌جنوبی,ملارد-جنوبی,123,12300017,12300017001
1230001700020001,بی بی سکینه,ملارد-شمالی,123,12300017,12300017002
1230001700020002,اخترآباد,ملارد-جنوبی,123,12300017,12300017002
1230001800010001,پیشوا,پیشوا,123,12300018,12300018001
1230001800010002,عسگریه,عسگریه,123,12300018,12300018001
1230001800020001,جلیل‌آباد,پیشوا,123,12300018,12300018002
1230001800020002,طارند بالا,عسگریه,123,12300018,12300018002
1230001900010001,میمنت,میمنت,123,12300019,12300019001
1230001900010002,صالح‌آباد,صالح-آباد,123,12300019,12300019001
1230001900020001,اسماعیل‌آباد,میمنت,123,12300019,12300019002
1230001900020002,همدانک,صالح-آباد,123,12300019,12300019002
1230002000010001,گلخندان,گلخندان,123,12300020,12300020001
1230002000010003,طاهر‌آباد,طاهر-آباد,123,12300020,12300020001
1230002000020001,جاجرود,گلخندان,123,12300020,12300020002
1230002000020002,سعید‌آباد,سعید-آباد,123,12300020,12300020002
1230002000030001,باغ کمش,گلخندان,123,12300020,12300020003
1230002000030002,کرشت,سعید-آباد,123,12300020,12300020003
1230002100010001,قشلاق‌‌جیتو,قشلاق-جیتو,123,12300021,12300021001
1230002100010002,ولی‌آباد,ولی-آباد,123,12300021,12300021001
1240001000010001,آب گرم,آب-گرم,124,12400010,12400010001
1240001000010002,الوارس,الوارس,124,12400010,12400010001
1240001000020001,سبلان,آب-گرم,124,12400010,12400010002
1240001000020002,ارجستان,الوارس,124,12400010,12400010002
1240001100010001,اصلاندوز غربی,اصلاندوز-غربی,124,12400011,12400011001
1240001100010003,اصلاندوز شرقی,اصلاندوز-شرقی,124,12400011,12400011001
1240001100020001,بران,اصلاندوز-غربی,124,12400011,12400011002
1240001100020002,قشلاق غربی,قشلاق-غربی,124,12400011,12400011002
1240001200010001,انگوت شرقی,انگوت-شرقی,124,12400012,12400012001
1240001200010002,انگوت غربی,انگوت-غربی,124,12400012,12400012001
1240001200020001,دره رود شمالی,انگوت-شرقی,124,12400012,12400012002
1240001200020002,دره رود جنوبی,انگوت-غربی,124,12400012,12400012002
1270001000010001,چشمه ساران,چشمه-ساران,127,12700010,12700010001
1270001000010002,خرمارود جنوبی,خرمارود-جنوبی,127,12700010,12700010001
1270001000020001,خرمارود شمالی,چشمه-ساران,127,12700010,12700010002
1270001000020002,نظام آباد,خرمارود-جنوبی,127,12700010,12700010002
1270001100010001,فندرسک جنوبی,فندرسک-جنوبی,127,12700011,12700011001
1270001100010002,فندرسک شمالی,فندرسک-شمالی,127,12700011,12700011001
1270001100020001,دلند,فندرسک-جنوبی,127,12700011,12700011002
1270001100020003,قلعه میران,قلعه-میران,127,12700011,12700011002
1270001200010001,مراوه تپه,مراوه-تپه,127,12700012,12700012001
1270001200010002,پالیزان,پالیزان,127,12700012,12700012001
1270001200020001,گلی داغ,مراوه-تپه,127,12700012,12700012002
1270001200020002,شلمی,پالیزان,127,12700012,12700012002
1270001300010001,جعفربای غربی,جعفربای-غربی,127,12700013,12700013001
1270001300010002,نفتلیجه,نفتلیجه,127,12700013,12700013001
1270001300020001,جعفربای شرقی,جعفربای-غربی,127,12700013,12700013002
1270001300020002,قزل آلان,نفتلیجه,127,12700013,12700013002
1270001400010001,ینقاق,ینقاق,127,12700014,12700014001
1270001400010002,نیلکوه,گلستان,127,12700014,12700014001
1270001400020001,قراولان,ینقاق,127,12700014,12700014002
1270001400020002,گلستان,گلستان,127,12700014,12700014002
1280001000010001,اترک,اترک,128,12800010,12800010001
1280001000010002,عشق آباد,عشق-آباد,128,12800010,12800010001
1280001000020001,شیرین سو,اترک,128,12800010,12800010002
1280001000020002,کهنه جلگه,عشق-آباد,128,12800010,12800010002
1290001000010001,خوسف,خوسف,129,12900010,12900010001
1290001000010002,خور,خور,129,12900010,12900010001
1290001000020001,براکوه,خوسف,129,12900010,12900010002
1290001000020002,جلگه ماژان,خور,129,12900010,12900010002
1290001000020003,قلعه زری,قلعه-زری,129,12900010,12900010002
1290001100020001,پیرحاجات,دستگردان,129,12900011,12900011002
1290001100020002,گلشن,کوه-یخاب,129,12900011,12900011002
1290001100020003,منتظریه,منتظریه,129,12900011,12900011002
1290001100020004,نخلستان,نخلستان,129,12900011,12900011002
1290001100030001,دیهوک,دستگردان,129,12900011,12900011003
1290001100030002,کویر,کوه-یخاب,129,12900011,12900011003
1290001200010001,دستگردان,دستگردان,129,12900012,12900012001
1290001200010003,ده محمد,ده-محمد,129,12900012,12900012001
1290001200020001,کوه یخاب,کوه-یخاب,129,12900012,12900012002
1290001200020002,چاه مسافر,چاه-مسافر,129,12900012,12900012002
